ID,RegistrationDate
10000000,2017-05-04
10050000,2017-05-12
10100000,2017-05-15
10150000,2017-05-17
10200000,2017-05-20
10250000,2017-05-23
10300000,2017-05-26
10350000,2017-05-29
10400000,2017-06-01
10450000,2017-06-04
10500000,2017-06-07
10550000,2017-06-10
10600000,2017-06-14
10650000,2017-06-16
10700000,2017-06-19
10750000,2017-06-23
10800000,2017-06-29
10850000,2017-07-05
10900000,2017-07-12
10950000,2017-07-18
11000000,2017-07-22
11050000,2017-07-26
11100000,2017-07-29
11150000,2017-08-02
11200000,2017-08-04
11250000,2017-08-06
11300000,2017-08-08
11350000,2017-08-09
11400000,2017-08-10
11450000,2017-08-11
11500000,2017-08-12
11550000,2017-08-12
11600000,2017-08-13
11650000,2017-08-14
11700000,2017-08-15
11750000,2017-08-15
11800000,2017-08-16
11850000,2017-08-17
11900000,2017-08-18
11950000,2017-08-19
12000000,2017-08-20
12050000,2017-08-22
12100000,2017-08-23
12150000,2017-08-24
12200000,2017-08-25
12250000,2017-08-26
12300000,2017-08-28
12350000,2017-08-29
12400000,2017-08-30
12450000,2017-09-01
12500000,2017-09-02
12550000,2017-09-03
12600000,2017-09-05
12650000,2017-09-07
12700000,2017-09-08
12750000,2017-09-10
12800000,2017-09-11
12850000,2017-09-13
12900000,2017-09-15
12950000,2017-09-16
13000000,2017-09-18
13050000,2017-09-20
13100000,2017-09-22
13150000,2017-09-24
13200000,2017-09-26
13250000,2017-09-28
13300000,2017-09-30
13350000,2017-10-01
13400000,2017-10-04
13450000,2017-10-06
13500000,2017-10-08
13550000,2017-10-10
13600000,2017-10-12
13650000,2017-10-14
13700000,2017-10-16
13750000,2017-10-19
13800000,2017-10-21
13850000,2017-10-23
13900000,2017-10-26
13950000,2017-10-28
14000000,2017-10-29
14050000,2017-11-01
14100000,2017-11-03
14150000,2017-11-04
14200000,2017-11-06
14250000,2017-11-08
14300000,2017-11-11
14350000,2017-11-12
14400000,2017-11-15
14450000,2017-11-17
14500000,2017-11-19
14550000,2017-11-20
14600000,2017-11-23
14650000,2017-11-25
14700000,2017-11-26
14750000,2017-11-29
14800000,2017-12-01
14850000,2017-12-03
14900000,2017-12-05
14950000,2017-12-07
15000000,2017-12-09
15050000,2017-12-10
15100000,2017-12-11
15150000,2017-12-12
15200000,2017-12-14
15250000,2017-12-16
15300000,2017-12-17
15350000,2017-12-19
15400000,2017-12-21
15450000,2017-12-23
15500000,2017-12-25
15550000,2017-12-27
15600000,2017-12-29
15650000,2017-12-31
15700000,2018-01-02
15750000,2018-01-04
15800000,2018-01-06
15850000,2018-01-08
15900000,2018-01-10
15950000,2018-01-13
16000000,2018-01-14
16050000,2018-01-16
16100000,2018-01-18
16150000,2018-01-20
16200000,2018-01-22
16250000,2018-01-24
16300000,2018-01-26
16350000,2018-01-27
16400000,2018-01-29
16450000,2018-01-30
16500000,2018-02-01
16550000,2018-02-03
16600000,2018-02-04
16650000,2018-02-06
16700000,2018-02-08
16750000,2018-02-10
16800000,2018-02-11
16850000,2018-02-13
16900000,2018-02-15
16950000,2018-02-17
17000000,2018-02-18
17050000,2018-02-20
17100000,2018-02-22
17150000,2018-02-24
17200000,2018-02-25
17250000,2018-02-27
17300000,2018-02-28
17350000,2018-03-02
17400000,2018-03-04
17450000,2018-03-06
17500000,2018-03-08
17550000,2018-03-10
17600000,2018-03-11
17650000,2018-03-14
17700000,2018-03-16
17750000,2018-03-18
17800000,2018-03-20
17850000,2018-03-21
17900000,2018-03-23
17950000,2018-03-25
18000000,2018-03-27
18050000,2018-03-28
18100000,2018-03-30
18150000,2018-03-31
18200000,2018-04-01
18250000,2018-04-03
18300000,2018-04-04
18350000,2018-04-06
18400000,2018-04-07
18450000,2018-04-09
18500000,2018-04-10
18550000,2018-04-12
18600000,2018-04-13
18650000,2018-04-14
18700000,2018-04-15
18750000,2018-04-16
18800000,2018-04-17
18850000,2018-04-19
18900000,2018-04-20
18950000,2018-04-21
19000000,2018-04-22
19050000,2018-04-23
19100000,2018-04-25
19150000,2018-04-26
19200000,2018-04-28
19250000,2018-04-29
19300000,2018-04-30
19350000,2018-05-01
19400000,2018-05-03
19450000,2018-05-04
19500000,2018-05-05
19550000,2018-05-07
19600000,2018-05-08
19650000,2018-05-10
19700000,2018-05-11
19750000,2018-05-13
19800000,2018-05-14
19850000,2018-05-16
19900000,2018-05-17
19950000,2018-05-19
20000000,2018-05-20
20050000,2018-05-21
20100000,2018-05-23
20150000,2018-05-24
20200000,2018-05-26
20250000,2018-05-27
20300000,2018-05-28
20350000,2018-05-30
20400000,2018-05-31
20450000,2018-06-02
20500000,2018-06-03
20550000,2018-06-05
20600000,2018-06-06
20650000,2018-06-08
20700000,2018-06-09
20750000,2018-06-10
20800000,2018-06-12
20850000,2018-06-14
20900000,2018-06-15
20950000,2018-06-17
21000000,2018-06-18
21050000,2018-06-20
21100000,2018-06-21
21150000,2018-06-24
21200000,2018-06-26
21250000,2018-06-28
21300000,2018-06-30
21350000,2018-07-02
21400000,2018-07-04
21450000,2018-07-06
21500000,2018-07-07
21550000,2018-07-09
21600000,2018-07-10
21650000,2018-07-12
21700000,2018-07-14
21750000,2018-07-15
21800000,2018-07-17
21850000,2018-07-19
21900000,2018-07-20
21950000,2018-07-22
22000000,2018-07-23
22050000,2018-07-25
22100000,2018-07-27
22150000,2018-07-28
22200000,2018-07-30
22250000,2018-08-01
22300000,2018-08-03
22350000,2018-08-04
22400000,2018-08-06
22450000,2018-08-07
22500000,2018-08-09
22550000,2018-08-10
22600000,2018-08-11
22650000,2018-08-13
22700000,2018-08-14
22750000,2018-08-16
22800000,2018-08-17
22850000,2018-08-19
22900000,2018-08-20
22950000,2018-08-22
23000000,2018-08-24
23050000,2018-08-25
23100000,2018-08-27
23150000,2018-08-28
23200000,2018-08-30
23250000,2018-08-31
23300000,2018-09-01
23350000,2018-09-03
23400000,2018-09-04
23450000,2018-09-06
23500000,2018-09-08
23550000,2018-09-09
23600000,2018-09-10
23650000,2018-09-11
23700000,2018-09-13
23750000,2018-09-14
23800000,2018-09-15
23850000,2018-09-16
23900000,2018-09-17
23950000,2018-09-19
24000000,2018-09-20
24050000,2018-09-21
24100000,2018-09-21
24150000,2018-09-22
24200000,2018-09-22
24250000,2018-09-22
24300000,2018-09-22
24350000,2018-09-23
24400000,2018-09-23
24450000,2018-09-23
24500000,2018-09-23
24550000,2018-09-24
24600000,2018-09-24
24650000,2018-09-24
24700000,2018-09-25
24750000,2018-09-25
24800000,2018-09-25
24850000,2018-09-26
24900000,2018-09-26
24950000,2018-09-26
25000000,2018-09-26
25050000,2018-09-27
25100000,2018-09-27
25150000,2018-09-27
25200000,2018-09-27
25250000,2018-09-28
25300000,2018-09-28
25350000,2018-09-28
25400000,2018-09-28
25450000,2018-09-28
25500000,2018-09-29
25550000,2018-09-29
25600000,2018-09-29
25650000,2018-09-29
25700000,2018-09-29
25750000,2018-09-29
25800000,2018-09-30
25850000,2018-09-30
25900000,2018-09-30
25950000,2018-09-30
26000000,2018-09-30
26050000,2018-10-01
26100000,2018-10-01
26150000,2018-10-01
26200000,2018-10-01
26250000,2018-10-02
26300000,2018-10-02
26350000,2018-10-02
26400000,2018-10-03
26450000,2018-10-03
26500000,2018-10-03
26550000,2018-10-03
26600000,2018-10-04
26650000,2018-10-04
26700000,2018-10-04
26750000,2018-10-05
26800000,2018-10-05
26850000,2018-10-05
26900000,2018-10-06
26950000,2018-10-06
27000000,2018-10-06
27050000,2018-10-07
27100000,2018-10-07
27150000,2018-10-07
27200000,2018-10-08
27250000,2018-10-09
27300000,2018-10-10
27350000,2018-10-11
27400000,2018-10-12
27450000,2018-10-13
27500000,2018-10-13
27550000,2018-10-14
27600000,2018-10-15
27650000,2018-10-16
27700000,2018-10-17
27750000,2018-10-19
27800000,2018-10-19
27850000,2018-10-20
27900000,2018-10-20
27950000,2018-10-20
28000000,2018-10-21
28050000,2018-10-21
28100000,2018-10-22
28150000,2018-10-22
28200000,2018-10-23
28250000,2018-10-23
28300000,2018-10-24
28350000,2018-10-24
28400000,2018-10-25
28450000,2018-10-26
28500000,2018-10-26
28550000,2018-10-27
28600000,2018-10-27
28650000,2018-10-27
28700000,2018-10-28
28750000,2018-10-28
28800000,2018-10-29
28850000,2018-10-29
28900000,2018-10-30
28950000,2018-10-30
29000000,2018-10-31
29050000,2018-11-01
29100000,2018-11-01
29150000,2018-11-02
29200000,2018-11-02
29250000,2018-11-03
29300000,2018-11-03
29350000,2018-11-03
29400000,2018-11-04
29450000,2018-11-04
29500000,2018-11-05
29550000,2018-11-05
29600000,2018-11-06
29650000,2018-11-06
29700000,2018-11-07
29750000,2018-11-08
29800000,2018-11-08
29850000,2018-11-09
29900000,2018-11-09
29950000,2018-11-10
30000000,2018-11-10
30050000,2018-11-11
30100000,2018-11-11
30150000,2018-11-12
30200000,2018-11-13
30250000,2018-11-13
30300000,2018-11-14
30350000,2018-11-15
30400000,2018-11-15
30450000,2018-11-16
30500000,2018-11-17
30550000,2018-11-17
30600000,2018-11-18
30650000,2018-11-18
30700000,2018-11-19
30750000,2018-11-20
30800000,2018-11-20
30850000,2018-11-22
30900000,2018-11-23
30950000,2018-11-24
31000000,2018-11-24
31050000,2018-11-25
31100000,2018-11-27
31150000,2018-11-28
31200000,2018-11-29
31250000,2018-11-30
31300000,2018-12-01
31350000,2018-12-02
31400000,2018-12-03
31450000,2018-12-04
31500000,2018-12-05
31550000,2018-12-06
31600000,2018-12-07
31650000,2018-12-08
31700000,2018-12-09
31750000,2018-12-10
31800000,2018-12-11
31850000,2018-12-13
31900000,2018-12-14
31950000,2018-12-15
32000000,2018-12-15
32050000,2018-12-16
32100000,2018-12-16
32150000,2018-12-17
32200000,2018-12-18
32250000,2018-12-18
32300000,2018-12-19
32350000,2018-12-20
32400000,2018-12-20
32450000,2018-12-21
32500000,2018-12-21
32550000,2018-12-22
32600000,2018-12-22
32650000,2018-12-23
32700000,2018-12-23
32750000,2018-12-23
32800000,2018-12-24
32850000,2018-12-24
32900000,2018-12-25
32950000,2018-12-25
33000000,2018-12-25
33050000,2018-12-26
33100000,2018-12-26
33150000,2018-12-27
33200000,2018-12-27
33250000,2018-12-27
33300000,2018-12-28
33350000,2018-12-28
33400000,2018-12-29
33450000,2018-12-29
33500000,2018-12-29
33550000,2018-12-30
33600000,2018-12-30
33650000,2018-12-31
33700000,2018-12-31
33750000,2018-12-31
33800000,2019-01-01
33850000,2019-01-01
33900000,2019-01-01
33950000,2019-01-02
34000000,2019-01-02
34050000,2019-01-03
34100000,2019-01-03
34150000,2019-01-03
34200000,2019-01-04
34250000,2019-01-04
34300000,2019-01-05
34350000,2019-01-05
34400000,2019-01-06
34450000,2019-01-06
34500000,2019-01-06
34550000,2019-01-07
34600000,2019-01-07
34650000,2019-01-08
34700000,2019-01-08
34750000,2019-01-09
34800000,2019-01-09
34850000,2019-01-10
34900000,2019-01-10
34950000,2019-01-11
35000000,2019-01-11
35050000,2019-01-12
35100000,2019-01-12
35150000,2019-01-13
35200000,2019-01-13
35250000,2019-01-14
35300000,2019-01-14
35350000,2019-01-15
35400000,2019-01-16
35450000,2019-01-16
35500000,2019-01-17
35550000,2019-01-17
35600000,2019-01-18
35650000,2019-01-18
35700000,2019-01-19
35750000,2019-01-19
35800000,2019-01-20
35850000,2019-01-20
35900000,2019-01-21
35950000,2019-01-21
36000000,2019-01-22
36050000,2019-01-23
36100000,2019-01-23
36150000,2019-01-24
36200000,2019-01-24
36250000,2019-01-25
36300000,2019-01-26
36350000,2019-01-26
36400000,2019-01-26
36450000,2019-01-27
36500000,2019-01-27
36550000,2019-01-28
36600000,2019-01-29
36650000,2019-01-29
36700000,2019-01-30
36750000,2019-01-30
36800000,2019-01-31
36850000,2019-01-31
36900000,2019-02-01
36950000,2019-02-01
37000000,2019-02-02
37050000,2019-02-02
37100000,2019-02-03
37150000,2019-02-03
37200000,2019-02-04
37250000,2019-02-04
37300000,2019-02-05
37350000,2019-02-05
37400000,2019-02-06
37450000,2019-02-07
37500000,2019-02-07
37550000,2019-02-08
37600000,2019-02-08
37650000,2019-02-09
37700000,2019-02-09
37750000,2019-02-10
37800000,2019-02-10
37850000,2019-02-10
37900000,2019-02-11
37950000,2019-02-12
38000000,2019-02-12
38050000,2019-02-13
38100000,2019-02-13
38150000,2019-02-14
38200000,2019-02-15
38250000,2019-02-15
38300000,2019-02-16
38350000,2019-02-16
38400000,2019-02-16
38450000,2019-02-17
38500000,2019-02-17
38550000,2019-02-18
38600000,2019-02-19
38650000,2019-02-19
38700000,2019-02-20
38750000,2019-02-20
38800000,2019-02-21
38850000,2019-02-22
38900000,2019-02-22
38950000,2019-02-23
39000000,2019-02-23
39050000,2019-02-23
39100000,2019-02-24
39150000,2019-02-24
39200000,2019-02-25
39250000,2019-02-26
39300000,2019-02-26
39350000,2019-02-27
39400000,2019-02-27
39450000,2019-02-28
39500000,2019-02-28
39550000,2019-03-01
39600000,2019-03-01
39650000,2019-03-02
39700000,2019-03-02
39750000,2019-03-02
39800000,2019-03-03
39850000,2019-03-03
39900000,2019-03-04
39950000,2019-03-05
40000000,2018-05-22
40050000,2019-03-06
40100000,2019-03-06
40150000,2019-03-07
40200000,2019-03-08
40250000,2019-03-08
40300000,2019-03-08
40350000,2019-03-09
40400000,2019-03-09
40450000,2019-03-10
40500000,2019-03-10
40550000,2019-03-11
40600000,2019-03-12
40650000,2019-03-12
40700000,2019-03-13
40750000,2019-03-13
40800000,2019-03-14
40850000,2019-03-15
40900000,2019-03-15
40950000,2019-03-16
41000000,2019-03-16
41050000,2019-03-16
41100000,2019-03-17
41150000,2019-03-17
41200000,2019-03-18
41250000,2019-03-18
41300000,2019-03-19
41350000,2019-03-20
41400000,2019-03-20
41450000,2019-03-21
41500000,2019-03-21
41550000,2019-03-22
41600000,2019-03-22
41650000,2019-03-23
41700000,2019-03-23
41750000,2019-03-24
41800000,2019-03-24
41850000,2019-03-25
41900000,2019-03-25
41950000,2019-03-26
42000000,2019-03-27
42050000,2019-03-27
42100000,2019-03-28
42150000,2019-03-29
42200000,2019-03-29
42250000,2019-03-30
42300000,2019-03-30
42350000,2019-03-31
42400000,2019-03-31
42450000,2019-04-01
42500000,2019-04-01
42550000,2019-04-02
42600000,2019-04-03
42650000,2019-04-03
42700000,2019-04-04
42750000,2019-04-05
42800000,2019-04-05
42850000,2019-04-06
42900000,2019-04-06
42950000,2019-04-07
43000000,2019-04-08
43050000,2019-04-08
43100000,2019-04-09
43150000,2019-04-10
43200000,2019-04-11
43250000,2019-04-11
43300000,2019-04-12
43350000,2019-04-13
43400000,2019-04-13
43450000,2019-04-14
43500000,2019-04-14
43550000,2019-04-15
43600000,2019-04-16
43650000,2019-04-16
43700000,2019-04-17
43750000,2019-04-18
43800000,2019-04-18
43850000,2019-04-19
43900000,2019-04-20
43950000,2019-04-20
44000000,2019-04-21
44050000,2019-04-21
44100000,2019-04-22
44150000,2019-04-23
44200000,2019-04-24
44250000,2019-04-24
44300000,2019-04-25
44350000,2019-04-26
44400000,2019-04-27
44450000,2019-04-27
44500000,2019-04-28
44550000,2019-04-28
44600000,2019-04-29
44650000,2019-04-30
44700000,2019-05-01
44750000,2019-05-01
44800000,2019-05-02
44850000,2019-05-03
44900000,2019-05-03
44950000,2019-05-04
45000000,2019-05-05
45050000,2019-05-05
45100000,2019-05-06
45150000,2019-05-07
45200000,2019-05-08
45250000,2019-05-08
45300000,2019-05-09
45350000,2019-05-10
45400000,2019-05-11
45450000,2019-05-11
45500000,2019-05-12
45550000,2019-05-12
45600000,2019-05-13
45650000,2019-05-14
45700000,2019-05-15
45750000,2019-05-16
45800000,2019-05-17
45850000,2019-05-17
45900000,2019-05-18
45950000,2019-05-19
46000000,2019-05-19
46050000,2019-05-20
46100000,2019-05-21
46150000,2019-05-22
46200000,2019-05-22
46250000,2019-05-23
46300000,2019-05-24
46350000,2019-05-25
46400000,2019-05-25
46450000,2019-05-26
46500000,2019-05-26
46550000,2019-05-27
46600000,2019-05-28
46650000,2019-05-29
46700000,2019-05-29
46750000,2019-05-30
46800000,2019-05-31
46850000,2019-06-01
46900000,2019-06-01
46950000,2019-06-02
47000000,2019-06-03
47050000,2019-06-03
47100000,2019-06-04
47150000,2019-06-05
47200000,2019-06-06
47250000,2019-06-06
47300000,2019-06-07
47350000,2019-06-08
47400000,2019-06-08
47450000,2019-06-09
47500000,2019-06-10
47550000,2019-06-11
47600000,2019-06-11
47650000,2019-06-12
47700000,2019-06-13
47750000,2019-06-14
47800000,2019-06-15
47850000,2019-06-15
47900000,2019-06-16
47950000,2019-06-17
48000000,2019-06-17
48050000,2019-06-18
48100000,2019-06-19
48150000,2019-06-20
48200000,2019-06-21
48250000,2019-06-21
48300000,2019-06-22
48350000,2019-06-23
48400000,2019-06-23
48450000,2019-06-24
48500000,2019-06-25
48550000,2019-06-26
48600000,2019-06-26
48650000,2019-06-27
48700000,2019-06-28
48750000,2019-06-29
48800000,2019-06-29
48850000,2019-06-30
48900000,2019-07-01
48950000,2019-07-01
49000000,2019-07-02
49050000,2019-07-03
49100000,2019-07-04
49150000,2019-07-04
49200000,2019-07-05
49250000,2019-07-06
49300000,2019-07-07
49350000,2019-07-07
49400000,2019-07-08
49450000,2019-07-09
49500000,2019-07-10
49550000,2019-07-10
49600000,2019-07-11
49650000,2019-07-12
49700000,2019-07-13
49750000,2019-07-13
49800000,2019-07-14
49850000,2019-07-15
49900000,2019-07-15
49950000,2019-07-16
50000000,2020-04-06
50050000,2019-07-18
50100000,2019-07-18
50150000,2019-07-19
50200000,2019-07-20
50250000,2019-07-20
50300000,2019-07-21
50350000,2019-07-22
50400000,2019-07-23
50450000,2019-07-23
50500000,2019-07-24
50550000,2019-07-25
50600000,2019-07-26
50650000,2019-07-27
50700000,2019-07-27
50750000,2019-07-28
50800000,2019-07-29
50850000,2019-07-29
50900000,2019-07-30
50950000,2019-07-31
51000000,2019-08-01
51050000,2019-08-02
51100000,2019-08-02
51150000,2019-08-03
51200000,2019-08-03
51250000,2019-08-04
51300000,2019-08-05
51350000,2019-08-05
51400000,2019-08-06
51450000,2019-08-07
51500000,2019-08-07
51550000,2019-08-08
51600000,2019-08-09
51650000,2019-08-09
51700000,2019-08-10
51750000,2019-08-11
51800000,2019-08-11
51850000,2019-08-12
51900000,2019-08-13
51950000,2019-08-13
52000000,2019-08-14
52050000,2019-08-14
52100000,2019-08-15
52150000,2019-08-16
52200000,2019-08-16
52250000,2019-08-17
52300000,2019-08-18
52350000,2019-08-18
52400000,2019-08-19
52450000,2019-08-20
52500000,2019-08-20
52550000,2019-08-21
52600000,2019-08-22
52650000,2019-08-23
52700000,2019-08-23
52750000,2019-08-24
52800000,2019-08-25
52850000,2019-08-25
52900000,2019-08-26
52950000,2019-08-27
53000000,2019-08-28
53050000,2019-08-28
53100000,2019-08-29
53150000,2019-08-30
53200000,2019-08-30
53250000,2019-08-31
53300000,2019-08-31
53350000,2019-09-01
53400000,2019-09-02
53450000,2019-09-03
53500000,2019-09-03
53550000,2019-09-04
53600000,2019-09-05
53650000,2019-09-06
53700000,2019-09-06
53750000,2019-09-07
53800000,2019-09-08
53850000,2019-09-08
53900000,2019-09-09
53950000,2019-09-10
54000000,2019-09-11
54050000,2019-09-12
54100000,2019-09-12
54150000,2019-09-13
54200000,2019-09-14
54250000,2019-09-14
54300000,2019-09-15
54350000,2019-09-16
54400000,2019-09-16
54450000,2019-09-17
54500000,2019-09-18
54550000,2019-09-19
54600000,2019-09-19
54650000,2019-09-20
54700000,2019-09-21
54750000,2019-09-21
54800000,2019-09-22
54850000,2019-09-23
54900000,2019-09-23
54950000,2019-09-24
55000000,2019-09-25
55050000,2019-09-25
55100000,2019-09-26
55150000,2019-09-27
55200000,2019-09-27
55250000,2019-09-28
55300000,2019-09-28
55350000,2019-09-29
55400000,2019-09-30
55450000,2019-09-30
55500000,2019-10-01
55550000,2019-10-02
55600000,2019-10-03
55650000,2019-10-04
55700000,2019-10-05
55750000,2019-10-05
55800000,2019-10-06
55850000,2019-10-07
55900000,2019-10-07
55950000,2019-10-08
56000000,2019-10-09
56050000,2019-10-10
56100000,2019-10-11
56150000,2019-10-12
56200000,2019-10-13
56250000,2019-10-13
56300000,2019-10-14
56350000,2019-10-15
56400000,2019-10-16
56450000,2019-10-17
56500000,2019-10-18
56550000,2019-10-19
56600000,2019-10-20
56650000,2019-10-21
56700000,2019-10-22
56750000,2019-10-23
56800000,2019-10-24
56850000,2019-10-25
56900000,2019-10-25
56950000,2019-10-26
57000000,2019-10-27
57050000,2019-10-27
57100000,2019-10-28
57150000,2019-10-29
57200000,2019-10-30
57250000,2019-10-31
57300000,2019-11-01
57350000,2019-11-01
57400000,2019-11-02
57450000,2019-11-03
57500000,2019-11-03
57550000,2019-11-04
57600000,2019-11-05
57650000,2019-11-06
57700000,2019-11-06
57750000,2019-11-07
57800000,2019-11-08
57850000,2019-11-09
57900000,2019-11-10
57950000,2019-11-11
58000000,2019-11-12
58050000,2019-11-13
58100000,2019-11-14
58150000,2019-11-15
58200000,2019-11-16
58250000,2019-11-16
58300000,2019-11-17
58350000,2019-11-18
58400000,2019-11-19
58450000,2019-11-20
58500000,2019-11-22
58550000,2019-11-23
58600000,2019-11-23
58650000,2019-11-24
58700000,2019-11-26
58750000,2019-11-27
58800000,2019-11-28
58850000,2019-11-29
58900000,2019-11-30
58950000,2019-11-30
59000000,2019-12-01
59050000,2019-12-02
59100000,2019-12-03
59150000,2019-12-04
59200000,2019-12-05
59250000,2019-12-06
59300000,2019-12-07
59350000,2019-12-08
59400000,2019-12-09
59450000,2019-12-10
59500000,2019-12-11
59550000,2019-12-13
59600000,2019-12-14
59650000,2019-12-15
59700000,2019-12-16
59750000,2019-12-17
59800000,2019-12-18
59850000,2019-12-19
59900000,2019-12-20
59950000,2019-12-21
60000000,2018-12-30
60050000,2019-12-22
60100000,2019-12-23
60150000,2019-12-24
60200000,2019-12-24
60250000,2019-12-25
60300000,2019-12-26
60350000,2019-12-27
60400000,2019-12-27
60450000,2019-12-28
60500000,2019-12-29
60550000,2019-12-29
60600000,2019-12-30
60650000,2019-12-31
60700000,2019-12-31
60750000,2020-01-01
60800000,2020-01-01
60850000,2020-01-02
60900000,2020-01-03
60950000,2020-01-04
61000000,2020-01-04
61050000,2020-01-05
61100000,2020-01-06
61150000,2020-01-07
61200000,2020-01-07
61250000,2020-01-08
61300000,2020-01-09
61350000,2020-01-10
61400000,2020-01-11
61450000,2020-01-11
61500000,2020-01-12
61550000,2020-01-13
61600000,2020-01-14
61650000,2020-01-15
61700000,2020-01-16
61750000,2020-01-17
61800000,2020-01-18
61850000,2020-01-18
61900000,2020-01-19
61950000,2020-01-19
62000000,2020-01-20
62050000,2020-01-21
62100000,2020-01-22
62150000,2020-01-23
62200000,2020-01-23
62250000,2020-01-24
62300000,2020-01-25
62350000,2020-01-25
62400000,2020-01-26
62450000,2020-01-26
62500000,2020-01-27
62550000,2020-01-28
62600000,2020-01-29
62650000,2020-01-30
62700000,2020-01-30
62750000,2020-01-31
62800000,2020-01-31
62850000,2020-02-01
62900000,2020-02-01
62950000,2020-02-02
63000000,2020-02-02
63050000,2020-02-03
63100000,2020-02-04
63150000,2020-02-05
63200000,2020-02-05
63250000,2020-02-06
63300000,2020-02-07
63350000,2020-02-08
63400000,2020-02-08
63450000,2020-02-09
63500000,2020-02-09
63550000,2020-02-10
63600000,2020-02-11
63650000,2020-02-12
63700000,2020-02-12
63750000,2020-02-13
63800000,2020-02-14
63850000,2020-02-15
63900000,2020-02-15
63950000,2020-02-16
64000000,2020-02-16
64050000,2020-02-17
64100000,2020-02-18
64150000,2020-02-19
64200000,2020-02-19
64250000,2020-02-20
64300000,2020-02-21
64350000,2020-02-21
64400000,2020-02-22
64450000,2020-02-22
64500000,2020-02-23
64550000,2020-02-23
64600000,2020-02-24
64650000,2020-02-25
64700000,2020-02-25
64750000,2020-02-26
64800000,2020-02-27
64850000,2020-02-27
64900000,2020-02-28
64950000,2020-02-28
65000000,2020-02-29
65050000,2020-03-01
65100000,2020-03-01
65150000,2020-03-02
65200000,2020-03-02
65250000,2020-03-03
65300000,2020-03-04
65350000,2020-03-05
65400000,2020-03-05
65450000,2020-03-06
65500000,2020-03-07
65550000,2020-03-07
65600000,2020-03-08
65650000,2020-03-08
65700000,2020-03-09
65750000,2020-03-10
65800000,2020-03-10
65850000,2020-03-11
65900000,2020-03-12
65950000,2020-03-13
66000000,2020-03-13
66050000,2020-03-14
66100000,2020-03-14
66150000,2020-03-15
66200000,2020-03-16
66250000,2020-03-16
66300000,2020-03-17
66350000,2020-03-18
66400000,2020-03-18
66450000,2020-03-19
66500000,2020-03-20
66550000,2020-03-20
66600000,2020-03-21
66650000,2020-03-21
66700000,2020-03-22
66750000,2020-03-22
66800000,2020-03-23
66850000,2020-03-23
66900000,2020-03-24
66950000,2020-03-24
67000000,2020-03-25
67050000,2020-03-25
67100000,2020-03-26
67150000,2020-03-26
67200000,2020-03-27
67250000,2020-03-28
67300000,2020-03-28
67350000,2020-03-28
67400000,2020-03-29
67450000,2020-03-29
67500000,2020-03-30
67550000,2020-03-31
67600000,2020-03-31
67650000,2020-04-01
67700000,2020-04-01
67750000,2020-04-02
67800000,2020-04-02
67850000,2020-04-03
67900000,2020-04-03
67950000,2020-04-04
68000000,2020-04-04
68050000,2020-04-04
68100000,2020-04-05
68150000,2020-04-05
68200000,2020-04-06
68250000,2020-04-07
68300000,2020-04-07
68350000,2020-04-08
68400000,2020-04-08
68450000,2020-04-09
68500000,2020-04-09
68550000,2020-04-10
68600000,2020-04-10
68650000,2020-04-11
68700000,2020-04-11
68750000,2020-04-12
68800000,2020-04-12
68850000,2020-04-13
68900000,2020-04-14
68950000,2020-04-14
69000000,2020-04-15
69050000,2020-04-15
69100000,2020-04-16
69150000,2020-04-16
69200000,2020-04-17
69250000,2020-04-17
69300000,2020-04-18
69350000,2020-04-18
69400000,2020-04-19
69450000,2020-04-19
69500000,2020-04-20
69550000,2020-04-20
69600000,2020-04-21
69650000,2020-04-21
69700000,2020-04-22
69750000,2020-04-22
69800000,2020-04-23
69850000,2020-04-23
69900000,2020-04-24
69950000,2020-04-24
70000000,2020-04-25
70050000,2020-04-25
70100000,2020-04-25
70150000,2020-04-25
70200000,2020-04-26
70250000,2020-04-26
70300000,2020-04-26
70350000,2020-04-27
70400000,2020-04-27
70450000,2020-04-27
70500000,2020-04-28
70550000,2020-04-28
70600000,2020-04-29
70650000,2020-04-29
70700000,2020-04-29
70750000,2020-04-30
70800000,2020-04-30
70850000,2020-05-01
70900000,2020-05-01
70950000,2020-05-01
71000000,2020-05-02
71050000,2020-05-02
71100000,2020-05-03
71150000,2020-05-04
71200000,2020-05-04
71250000,2020-05-05
71300000,2020-05-05
71350000,2020-05-06
71400000,2020-05-07
71450000,2020-05-07
71500000,2020-05-08
71550000,2020-05-08
71600000,2020-05-09
71650000,2020-05-09
71700000,2020-05-10
71750000,2020-05-11
71800000,2020-05-11
71850000,2020-05-12
71900000,2020-05-13
71950000,2020-05-14
72000000,2020-05-14
72050000,2020-05-15
72100000,2020-05-16
72150000,2020-05-16
72200000,2020-05-17
72250000,2020-05-18
72300000,2020-05-18
72350000,2020-05-19
72400000,2020-05-20
72450000,2020-05-21
72500000,2020-05-21
72550000,2020-05-22
72600000,2020-05-23
72650000,2020-05-23
72700000,2020-05-24
72750000,2020-05-24
72800000,2020-05-25
72850000,2020-05-26
72900000,2020-05-26
72950000,2020-05-27
73000000,2020-05-28
73050000,2020-05-29
73100000,2020-05-29
73150000,2020-05-30
73200000,2020-05-31
73250000,2020-05-31
73300000,2020-06-01
73350000,2020-06-02
73400000,2020-06-02
73450000,2020-06-03
73500000,2020-06-03
73550000,2020-06-04
73600000,2020-06-05
73650000,2020-06-06
73700000,2020-06-06
73750000,2020-06-07
73800000,2020-06-07
73850000,2020-06-08
73900000,2020-06-09
73950000,2020-06-10
74000000,2020-06-10
74050000,2020-06-11
74100000,2020-06-11
74150000,2020-06-12
74200000,2020-06-13
74250000,2020-06-13
74300000,2020-06-14
74350000,2020-06-15
74400000,2020-06-15
74450000,2020-06-16
74500000,2020-06-17
74550000,2020-06-18
74600000,2020-06-18
74650000,2020-06-19
74700000,2020-06-20
74750000,2020-06-20
74800000,2020-06-21
74850000,2020-06-22
74900000,2020-06-22
74950000,2020-06-23
75000000,2020-06-24
75050000,2020-06-25
75100000,2020-06-25
75150000,2020-06-26
75200000,2020-06-27
75250000,2020-06-28
75300000,2020-06-28
75350000,2020-06-29
75400000,2020-06-30
75450000,2020-06-30
75500000,2020-07-01
75550000,2020-07-02
75600000,2020-07-02
75650000,2020-07-03
75700000,2020-07-03
75750000,2020-07-04
75800000,2020-07-05
75850000,2020-07-05
75900000,2020-07-06
75950000,2020-07-07
76000000,2020-07-07
76050000,2020-07-08
76100000,2020-07-09
76150000,2020-07-09
76200000,2020-07-10
76250000,2020-07-10
76300000,2020-07-11
76350000,2020-07-12
76400000,2020-07-12
76450000,2020-07-13
76500000,2020-07-13
76550000,2020-07-14
76600000,2020-07-14
76650000,2020-07-15
76700000,2020-07-16
76750000,2020-07-16
76800000,2020-07-17
76850000,2020-07-17
76900000,2020-07-18
76950000,2020-07-19
77000000,2020-07-19
77050000,2020-07-20
77100000,2020-07-20
77150000,2020-07-21
77200000,2020-07-22
77250000,2020-07-22
77300000,2020-07-23
77350000,2020-07-24
77400000,2020-07-24
77450000,2020-07-25
77500000,2020-07-25
77550000,2020-07-26
77600000,2020-07-26
77650000,2020-07-27
77700000,2020-07-27
77750000,2020-07-28
77800000,2020-07-28
77850000,2020-07-29
77900000,2020-07-29
77950000,2020-07-30
78000000,2020-07-30
78050000,2020-07-31
78100000,2020-07-31
78150000,2020-08-01
78200000,2020-08-01
78250000,2020-08-02
78300000,2020-08-02
78350000,2020-08-03
78400000,2020-08-03
78450000,2020-08-04
78500000,2020-08-05
78550000,2020-08-05
78600000,2020-08-06
78650000,2020-08-06
78700000,2020-08-07
78750000,2020-08-07
78800000,2020-08-08
78850000,2020-08-08
78900000,2020-08-09
78950000,2020-08-09
79000000,2020-08-10
79050000,2020-08-11
79100000,2020-08-11
79150000,2020-08-12
79200000,2020-08-12
79250000,2020-08-13
79300000,2020-08-13
79350000,2020-08-14
79400000,2020-08-15
79450000,2020-08-15
79500000,2020-08-16
79550000,2020-08-16
79600000,2020-08-17
79650000,2020-08-17
79700000,2020-08-18
79750000,2020-08-18
79800000,2020-08-19
79850000,2020-08-20
79900000,2020-08-20
79950000,2020-08-21
80000000,2020-08-21
80050000,2020-08-22
80100000,2020-08-22
80150000,2020-08-23
80200000,2020-08-24
80250000,2020-08-24
80300000,2020-08-25
80350000,2020-08-25
80400000,2020-08-26
80450000,2020-08-27
80500000,2020-08-27
80550000,2020-08-28
80600000,2020-08-28
80650000,2020-08-29
80700000,2020-08-29
80750000,2020-08-30
80800000,2020-08-31
80850000,2020-08-31
80900000,2020-09-01
80950000,2020-09-01
81000000,2020-09-02
81050000,2020-09-03
81100000,2020-09-03
81150000,2020-09-04
81200000,2020-09-05
81250000,2020-09-05
81300000,2020-09-06
81350000,2020-09-06
81400000,2020-09-07
81450000,2020-09-07
81500000,2020-09-08
81550000,2020-09-08
81600000,2020-09-09
81650000,2020-09-10
81700000,2020-09-10
81750000,2020-09-11
81800000,2020-09-11
81850000,2020-09-12
81900000,2020-09-12
81950000,2020-09-13
82000000,2020-09-13
82050000,2020-09-14
82100000,2020-09-15
82150000,2020-09-15
82200000,2020-09-16
82250000,2020-09-17
82300000,2020-09-17
82350000,2020-09-18
82400000,2020-09-18
82450000,2020-09-19
82500000,2020-09-19
82550000,2020-09-20
82600000,2020-09-21
82650000,2020-09-21
82700000,2020-09-22
82750000,2020-09-22
82800000,2020-09-23
82850000,2020-09-24
82900000,2020-09-24
82950000,2020-09-25
83000000,2020-09-26
83050000,2020-09-26
83100000,2020-09-27
83150000,2020-09-27
83200000,2020-09-28
83250000,2020-09-29
83300000,2020-09-29
83350000,2020-09-30
83400000,2020-10-01
83450000,2020-10-01
83500000,2020-10-02
83550000,2020-10-02
83600000,2020-10-03
83650000,2020-10-03
83700000,2020-10-04
83750000,2020-10-04
83800000,2020-10-05
83850000,2020-10-06
83900000,2020-10-06
83950000,2020-10-07
84000000,2020-10-08
84050000,2020-10-08
84100000,2020-10-09
84150000,2020-10-09
84200000,2020-10-10
84250000,2020-10-10
84300000,2020-10-11
84350000,2020-10-12
84400000,2020-10-12
84450000,2020-10-13
84500000,2020-10-14
84550000,2020-10-14
84600000,2020-10-15
84650000,2020-10-16
84700000,2020-10-16
84750000,2020-10-17
84800000,2020-10-17
84850000,2020-10-18
84900000,2020-10-19
84950000,2020-10-19
85000000,2020-10-20
85050000,2020-10-21
85100000,2020-10-22
85150000,2020-10-22
85200000,2020-10-23
85250000,2020-10-24
85300000,2020-10-24
85350000,2020-10-25
85400000,2020-10-25
85450000,2020-10-26
85500000,2020-10-27
85550000,2020-10-27
85600000,2020-10-28
85650000,2020-10-29
85700000,2020-10-29
85750000,2020-10-30
85800000,2020-10-30
85850000,2020-10-31
85900000,2020-10-31
85950000,2020-11-01
86000000,2020-11-01
86050000,2020-11-01
86100000,2020-11-02
86150000,2020-11-02
86200000,2020-11-03
86250000,2020-11-03
86300000,2020-11-04
86350000,2020-11-05
86400000,2020-11-05
86450000,2020-11-06
86500000,2020-11-06
86550000,2020-11-07
86600000,2020-11-07
86650000,2020-11-08
86700000,2020-11-08
86750000,2020-11-09
86800000,2020-11-10
86850000,2020-11-10
86900000,2020-11-11
86950000,2020-11-12
87000000,2020-11-12
87050000,2020-11-13
87100000,2020-11-13
87150000,2020-11-14
87200000,2020-11-14
87250000,2020-11-15
87300000,2020-11-15
87350000,2020-11-16
87400000,2020-11-17
87450000,2020-11-17
87500000,2020-11-18
87550000,2020-11-19
87600000,2020-11-19
87650000,2020-11-20
87700000,2020-11-20
87750000,2020-11-21
87800000,2020-11-21
87850000,2020-11-22
87900000,2020-11-23
87950000,2020-11-23
88000000,2020-11-24
88050000,2020-11-25
88100000,2020-11-25
88150000,2020-11-26
88200000,2020-11-27
88250000,2020-11-27
88300000,2020-11-28
88350000,2020-11-28
88400000,2020-11-29
88450000,2020-11-30
88500000,2020-11-30
88550000,2020-12-01
88600000,2020-12-02
88650000,2020-12-02
88700000,2020-12-03
88750000,2020-12-04
88800000,2020-12-04
88850000,2020-12-05
88900000,2020-12-05
88950000,2020-12-06
89000000,2020-12-06
89050000,2020-12-07
89100000,2020-12-08
89150000,2020-12-08
89200000,2020-12-09
89250000,2020-12-10
89300000,2020-12-10
89350000,2020-12-11
89400000,2020-12-12
89450000,2020-12-12
89500000,2020-12-13
89550000,2020-12-13
89600000,2020-12-14
89650000,2020-12-14
89700000,2020-12-15
89750000,2020-12-16
89800000,2020-12-17
89850000,2020-12-17
89900000,2020-12-18
89950000,2020-12-18
90000000,2020-12-19
90050000,2020-12-19
90100000,2020-12-20
90150000,2020-12-20
90200000,2020-12-21
90250000,2020-12-22
90300000,2020-12-22
90350000,2020-12-23
90400000,2020-12-24
90450000,2020-12-24
90500000,2020-12-25
90550000,2020-12-25
90600000,2020-12-26
90650000,2020-12-26
90700000,2020-12-27
90750000,2020-12-27
90800000,2020-12-28
90850000,2020-12-28
90900000,2020-12-29
90950000,2020-12-30
91000000,2020-12-30
91050000,2020-12-31
91100000,2020-12-31
91150000,2020-12-31
91200000,2021-01-01
91250000,2021-01-01
91300000,2021-01-01
91350000,2021-01-01
91400000,2021-01-02
91450000,2021-01-02
91500000,2021-01-03
91550000,2021-01-03
91600000,2021-01-04
91650000,2021-01-04
91700000,2021-01-05
91750000,2021-01-05
91800000,2021-01-06
91850000,2021-01-06
91900000,2021-01-07
91950000,2021-01-07
92000000,2021-01-08
92050000,2021-01-09
92100000,2021-01-09
92150000,2021-01-10
92200000,2021-01-10
92250000,2021-01-11
92300000,2021-01-11
92350000,2021-01-12
92400000,2021-01-13
92450000,2021-01-13
92500000,2021-01-14
92550000,2021-01-15
92600000,2021-01-15
92650000,2021-01-16
92700000,2021-01-16
92750000,2021-01-17
92800000,2021-01-17
92850000,2021-01-18
92900000,2021-01-18
92950000,2021-01-19
93000000,2021-01-20
93050000,2021-01-20
93100000,2021-01-21
93150000,2021-01-22
93200000,2021-01-22
93250000,2021-01-23
93300000,2021-01-23
93350000,2021-01-24
93400000,2021-01-24
93450000,2021-01-25
93500000,2021-01-25
93550000,2021-01-26
93600000,2021-01-26
93650000,2021-01-27
93700000,2021-01-27
93750000,2021-01-28
93800000,2021-01-29
93850000,2021-01-29
93900000,2021-01-30
93950000,2021-01-30
94000000,2021-01-30
94050000,2021-01-31
94100000,2021-01-31
94150000,2021-02-01
94200000,2021-02-01
94250000,2021-02-02
94300000,2021-02-02
94350000,2021-02-03
94400000,2021-02-03
94450000,2021-02-04
94500000,2021-02-04
94550000,2021-02-05
94600000,2021-02-05
94650000,2021-02-06
94700000,2021-02-06
94750000,2021-02-07
94800000,2021-02-07
94850000,2021-02-07
94900000,2021-02-08
94950000,2021-02-08
95000000,2021-02-09
95050000,2021-02-09
95100000,2021-02-10
95150000,2021-02-10
95200000,2021-02-11
95250000,2021-02-11
95300000,2021-02-12
95350000,2021-02-12
95400000,2021-02-13
95450000,2021-02-13
95500000,2021-02-13
95550000,2021-02-14
95600000,2021-02-14
95650000,2021-02-14
95700000,2021-02-15
95750000,2021-02-15
95800000,2021-02-16
95850000,2021-02-16
95900000,2021-02-17
95950000,2021-02-17
96000000,2021-02-18
96050000,2021-02-18
96100000,2021-02-19
96150000,2021-02-19
96200000,2021-02-19
96250000,2021-02-20
96300000,2021-02-20
96350000,2021-02-21
96400000,2021-02-21
96450000,2021-02-21
96500000,2021-02-22
96550000,2021-02-22
96600000,2021-02-22
96650000,2021-02-23
96700000,2021-02-23
96750000,2021-02-24
96800000,2021-02-24
96850000,2021-02-25
96900000,2021-02-25
96950000,2021-02-26
97000000,2021-02-26
97050000,2021-02-27
97100000,2021-02-27
97150000,2021-02-27
97200000,2021-02-28
97250000,2021-02-28
97300000,2021-03-01
97350000,2021-03-01
97400000,2021-03-02
97450000,2021-03-02
97500000,2021-03-03
97550000,2021-03-03
97600000,2021-03-04
97650000,2021-03-04
97700000,2021-03-05
97750000,2021-03-05
97800000,2021-03-06
97850000,2021-03-06
97900000,2021-03-06
97950000,2021-03-07
98000000,2021-03-07
98050000,2021-03-08
98100000,2021-03-08
98150000,2021-03-08
98200000,2021-03-09
98250000,2021-03-10
98300000,2021-03-10
98350000,2021-03-11
98400000,2021-03-11
98450000,2021-03-12
98500000,2021-03-12
98550000,2021-03-13
98600000,2021-03-13
98650000,2021-03-13
98700000,2021-03-14
98750000,2021-03-14
98800000,2021-03-15
98850000,2021-03-15
98900000,2021-03-16
98950000,2021-03-16
99000000,2021-03-17
99050000,2021-03-18
99100000,2021-03-18
99150000,2021-03-19
99200000,2021-03-19
99250000,2021-03-20
99300000,2021-03-20
99350000,2021-03-20
99400000,2021-03-21
99450000,2021-03-21
99500000,2021-03-22
99550000,2021-03-22
99600000,2021-03-23
99650000,2021-03-23
99700000,2021-03-23
99750000,2021-03-24
99800000,2021-03-24
99850000,2021-03-25
99900000,2021-03-25
99950000,2021-03-26
100000000,2021-03-26
100050000,2021-03-27
100100000,2021-03-27
100150000,2021-03-27
100200000,2021-03-28
100250000,2021-03-28
100300000,2021-03-29
100350000,2021-03-29
100400000,2021-03-30
100450000,2021-03-30
100500000,2021-03-31
100550000,2021-03-31
100600000,2021-04-01
100650000,2021-04-02
100700000,2021-04-02
100750000,2021-04-03
100800000,2021-04-03
100850000,2021-04-03
100900000,2021-04-04
100950000,2021-04-04
101000000,2021-04-05
101050000,2021-04-05
101100000,2021-04-06
101150000,2021-04-07
101200000,2021-04-07
101250000,2021-04-08
101300000,2021-04-08
101350000,2021-04-09
101400000,2021-04-10
101450000,2021-04-10
101500000,2021-04-10
101550000,2021-04-11
101600000,2021-04-11
101650000,2021-04-12
101700000,2021-04-13
101750000,2021-04-13
101800000,2021-04-14
101850000,2021-04-14
101900000,2021-04-15
101950000,2021-04-16
102000000,2021-04-16
102050000,2021-04-17
102100000,2021-04-17
102150000,2021-04-18
102200000,2021-04-18
102250000,2021-04-19
102300000,2021-04-19
102350000,2021-04-20
102400000,2021-04-20
102450000,2021-04-21
102500000,2021-04-22
102550000,2021-04-22
102600000,2021-04-23
102650000,2021-04-23
102700000,2021-04-24
102750000,2021-04-24
102800000,2021-04-25
102850000,2021-04-25
102900000,2021-04-26
102950000,2021-04-27
103000000,2021-04-27
103050000,2021-04-28
103100000,2021-04-29
103150000,2021-04-29
103200000,2021-04-30
103250000,2021-05-01
103300000,2021-05-01
103350000,2021-05-02
103400000,2021-05-02
103450000,2021-05-03
103500000,2021-05-03
103550000,2021-05-04
103600000,2021-05-04
103650000,2021-05-05
103700000,2021-05-05
103750000,2021-05-06
103800000,2021-05-07
103850000,2021-05-07
103900000,2021-05-08
103950000,2021-05-08
104000000,2021-05-09
104050000,2021-05-09
104100000,2021-05-10
104150000,2021-05-10
104200000,2021-05-11
104250000,2021-05-12
104300000,2021-05-13
104350000,2021-05-13
104400000,2021-05-14
104450000,2021-05-15
104500000,2021-05-15
104550000,2021-05-16
104600000,2021-05-16
104650000,2021-05-17
104700000,2021-05-18
104750000,2021-05-18
104800000,2021-05-19
104850000,2021-05-20
104900000,2021-05-20
104950000,2021-05-21
105000000,2021-05-22
105050000,2021-05-22
105100000,2021-05-23
105150000,2021-05-23
105200000,2021-05-24
105250000,2021-05-24
105300000,2021-05-25
105350000,2021-05-26
105400000,2021-05-26
105450000,2021-05-27
105500000,2021-05-27
105550000,2021-05-28
105600000,2021-05-29
105650000,2021-05-29
105700000,2021-05-30
105750000,2021-05-30
105800000,2021-05-31
105850000,2021-05-31
105900000,2021-06-01
105950000,2021-06-01
106000000,2021-06-02
106050000,2021-06-03
106100000,2021-06-03
106150000,2021-06-04
106200000,2021-06-04
106250000,2021-06-05
106300000,2021-06-05
106350000,2021-06-06
106400000,2021-06-06
106450000,2021-06-07
106500000,2021-06-07
106550000,2021-06-08
106600000,2021-06-08
106650000,2021-06-09
106700000,2021-06-10
106750000,2021-06-10
106800000,2021-06-11
106850000,2021-06-11
106900000,2021-06-12
106950000,2021-06-13
107000000,2021-06-13
107050000,2021-06-14
107100000,2021-06-14
107150000,2021-06-15
107200000,2021-06-15
107250000,2021-06-16
107300000,2021-06-17
107350000,2021-06-17
107400000,2021-06-18
107450000,2021-06-19
107500000,2021-06-19
107550000,2021-06-20
107600000,2021-06-20
107650000,2021-06-21
107700000,2021-06-22
107750000,2021-06-22
107800000,2021-06-23
107850000,2021-06-23
107900000,2021-06-24
107950000,2021-06-25
108000000,2021-06-25
108050000,2021-06-26
108100000,2021-06-26
108150000,2021-06-27
108200000,2021-06-27
108250000,2021-06-28
108300000,2021-06-29
108350000,2021-06-29
108400000,2021-06-30
108450000,2021-06-30
108500000,2021-07-01
108550000,2021-07-01
108600000,2021-07-02
108650000,2021-07-03
108700000,2021-07-03
108750000,2021-07-04
108800000,2021-07-04
108850000,2021-07-05
108900000,2021-07-05
108950000,2021-07-06
109000000,2021-07-06
109050000,2021-07-07
109100000,2021-07-07
109150000,2021-07-08
109200000,2021-07-09
109250000,2021-07-09
109300000,2021-07-10
109350000,2021-07-10
109400000,2021-07-11
109450000,2021-07-12
109500000,2021-07-12
109550000,2021-07-13
109600000,2021-07-13
109650000,2021-07-14
109700000,2021-07-15
109750000,2021-07-15
109800000,2021-07-16
109850000,2021-07-16
109900000,2021-07-17
109950000,2021-07-17
110000000,2021-07-18
110050000,2021-07-19
110100000,2021-07-19
110150000,2021-07-20
110200000,2021-07-20
110250000,2021-07-21
110300000,2021-07-22
110350000,2021-07-22
110400000,2021-07-23
110450000,2021-07-23
110500000,2021-07-24
110550000,2021-07-24
110600000,2021-07-25
110650000,2021-07-25
110700000,2021-07-26
110750000,2021-07-26
110800000,2021-07-27
110850000,2021-07-27
110900000,2021-07-28
110950000,2021-07-29
111000000,2021-07-29
111050000,2021-07-30
111100000,2021-07-30
111150000,2021-07-31
111200000,2021-07-31
111250000,2021-08-01
111300000,2021-08-01
111350000,2021-08-02
111400000,2021-08-02
111450000,2021-08-03
111500000,2021-08-03
111550000,2021-08-04
111600000,2021-08-04
111650000,2021-08-05
111700000,2021-08-05
111750000,2021-08-06
111800000,2021-08-06
111850000,2021-08-07
111900000,2021-08-07
111950000,2021-08-08
112000000,2021-08-08
112050000,2021-08-09
112100000,2021-08-09
112150000,2021-08-10
112200000,2021-08-11
112250000,2021-08-11
112300000,2021-08-12
112350000,2021-08-12
112400000,2021-08-13
112450000,2021-08-13
112500000,2021-08-14
112550000,2021-08-14
112600000,2021-08-15
112650000,2021-08-15
112700000,2021-08-16
112750000,2021-08-16
112800000,2021-08-17
112850000,2021-08-17
112900000,2021-08-18
112950000,2021-08-18
113000000,2021-08-19
113050000,2021-08-19
113100000,2021-08-20
113150000,2021-08-20
113200000,2021-08-21
113250000,2021-08-22
113300000,2021-08-22
113350000,2021-08-23
113400000,2021-08-23
113450000,2021-08-24
113500000,2021-08-25
113550000,2021-08-25
113600000,2021-08-26
113650000,2021-08-26
113700000,2021-08-27
113750000,2021-08-27
113800000,2021-08-28
113850000,2021-08-29
113900000,2021-08-29
113950000,2021-08-30
114000000,2021-08-30
114050000,2021-08-31
114100000,2021-08-31
114150000,2021-09-01
114200000,2021-09-01
114250000,2021-09-02
114300000,2021-09-03
114350000,2021-09-03
114400000,2021-09-04
114450000,2021-09-04
114500000,2021-09-05
114550000,2021-09-05
114600000,2021-09-06
114650000,2021-09-06
114700000,2021-09-07
114750000,2021-09-07
114800000,2021-09-08
114850000,2021-09-09
114900000,2021-09-09
114950000,2021-09-10
115000000,2021-09-10
115050000,2021-09-11
115100000,2021-09-11
115150000,2021-09-12
115200000,2021-09-12
115250000,2021-09-13
115300000,2021-09-13
115350000,2021-09-14
115400000,2021-09-15
115450000,2021-09-15
115500000,2021-09-16
115550000,2021-09-16
115600000,2021-09-17
115650000,2021-09-17
115700000,2021-09-18
115750000,2021-09-18
115800000,2021-09-19
115850000,2021-09-19
115900000,2021-09-20
115950000,2021-09-20
116000000,2021-09-21
116050000,2021-09-21
116100000,2021-09-22
116150000,2021-09-23
116200000,2021-09-23
116250000,2021-09-24
116300000,2021-09-25
116350000,2021-09-25
116400000,2021-09-26
116450000,2021-09-26
116500000,2021-09-27
116550000,2021-09-27
116600000,2021-09-28
116650000,2021-09-28
116700000,2021-09-29
116750000,2021-09-29
116800000,2021-09-29
116850000,2021-09-30
116900000,2021-09-30
116950000,2021-10-01
117000000,2021-10-01
117050000,2021-10-02
117100000,2021-10-02
117150000,2021-10-02
117200000,2021-10-02
117250000,2021-10-03
117300000,2021-10-03
117350000,2021-10-04
117400000,2021-10-04
117450000,2021-10-04
117500000,2021-10-05
117550000,2021-10-05
117600000,2021-10-05
117650000,2021-10-06
117700000,2021-10-06
117750000,2021-10-07
117800000,2021-10-07
117850000,2021-10-08
117900000,2021-10-08
117950000,2021-10-09
118000000,2021-10-09
118050000,2021-10-10
118100000,2021-10-10
118150000,2021-10-11
118200000,2021-10-12
118250000,2021-10-12
118300000,2021-10-13
118350000,2021-10-14
118400000,2021-10-14
118450000,2021-10-15
118500000,2021-10-15
118550000,2021-10-16
118600000,2021-10-16
118650000,2021-10-17
118700000,2021-10-17
118750000,2021-10-18
118800000,2021-10-19
118850000,2021-10-20
118900000,2021-10-20
118950000,2021-10-21
119000000,2021-10-22
119050000,2021-10-22
119100000,2021-10-23
119150000,2021-10-23
119200000,2021-10-24
119250000,2021-10-24
119300000,2021-10-25
119350000,2021-10-26
119400000,2021-10-26
119450000,2021-10-27
119500000,2021-10-27
119550000,2021-10-28
119600000,2021-10-29
119650000,2021-10-29
119700000,2021-10-30
119750000,2021-10-30
119800000,2021-10-30
119850000,2021-10-31
119900000,2021-10-31
119950000,2021-11-01
120000000,2021-11-01
120050000,2021-11-02
120100000,2021-11-02
120150000,2021-11-03
120200100,2021-11-03
120250100,2021-11-04
120300100,2021-11-04
120350100,2021-11-05
120400100,2021-11-05
120450100,2021-11-06
120500100,2021-11-06
120550100,2021-11-07
120600100,2021-11-07
120650100,2021-11-08
120700100,2021-11-09
120750100,2021-11-09
120800100,2021-11-10
120850100,2021-11-11
120900100,2021-11-11
120950100,2021-11-12
121000100,2021-11-12
121050100,2021-11-13
121100100,2021-11-13
121150100,2021-11-14
121200100,2021-11-14
121250100,2021-11-15
121300100,2021-11-15
121350100,2021-11-16
121400100,2021-11-17
121450100,2021-11-17
121500100,2021-11-18
121550100,2021-11-19
121600100,2021-11-19
121650100,2021-11-20
121700100,2021-11-20
121750100,2021-11-20
121800100,2021-11-21
121850100,2021-11-22
121900100,2021-11-22
121950100,2021-11-22
122000100,2021-11-23
122050100,2021-11-24
122100100,2021-11-24
122150100,2021-11-25
122200100,2021-11-25
122250100,2021-11-26
122300100,2021-11-26
122350100,2021-11-27
122400100,2021-11-27
122450100,2021-11-28
122500100,2021-11-28
122550100,2021-11-29
122600100,2021-11-29
122650100,2021-11-30
122700100,2021-11-30
122750100,2021-12-01
122800100,2021-12-01
122850100,2021-12-02
122900100,2021-12-02
122950100,2021-12-03
123000100,2021-12-03
123050100,2021-12-04
123100100,2021-12-04
123150100,2021-12-04
123200100,2021-12-05
123250100,2021-12-05
123300100,2021-12-06
123350100,2021-12-06
123400100,2021-12-07
123450100,2021-12-07
123500100,2021-12-08
123550100,2021-12-08
123600100,2021-12-09
123650100,2021-12-09
123700100,2021-12-10
123750100,2021-12-10
123800100,2021-12-11
123850100,2021-12-11
123900100,2021-12-11
123950100,2021-12-12
124000100,2021-12-12
124050100,2021-12-13
124100100,2021-12-13
124150100,2021-12-14
124200100,2021-12-14
124250100,2021-12-15
124300100,2021-12-15
124350100,2021-12-16
124400100,2021-12-16
124450100,2021-12-17
124500100,2021-12-17
124550100,2021-12-18
124600100,2021-12-18
124650100,2021-12-18
124700100,2021-12-19
124750100,2021-12-19
124800100,2021-12-19
124850100,2021-12-20
124900100,2021-12-20
124950100,2021-12-21
125000100,2021-12-21
125050100,2021-12-22
125100100,2021-12-22
125150100,2021-12-23
125200100,2021-12-23
125250100,2021-12-24
125300100,2021-12-24
125350100,2021-12-24
125400100,2021-12-25
125450100,2021-12-25
125500100,2021-12-25
125550100,2021-12-26
125600100,2021-12-26
125650100,2021-12-26
125700100,2021-12-27
125750100,2021-12-27
125800100,2021-12-28
125850100,2021-12-28
125900100,2021-12-28
125950100,2021-12-29
126000100,2021-12-29
126050100,2021-12-30
126100100,2021-12-30
126150100,2021-12-31
126200100,2021-12-31
126250100,2021-12-31
126300100,2022-01-01
126350100,2022-01-01
126400100,2022-01-01
126450100,2022-01-01
126500100,2022-01-02
126550100,2022-01-02
126600100,2022-01-02
126650100,2022-01-03
126700100,2022-01-03
126750100,2022-01-04
126800100,2022-01-04
126850100,2022-01-04
126900100,2022-01-05
126950100,2022-01-05
127000100,2022-01-05
127050100,2022-01-06
127100100,2022-01-06
127150200,2022-01-07
127200200,2022-01-07
127250200,2022-01-07
127300200,2022-01-08
127350200,2022-01-08
127400200,2022-01-09
127450200,2022-01-09
127500200,2022-01-09
127550200,2022-01-10
127600200,2022-01-10
127650200,2022-01-11
127700200,2022-01-11
127750200,2022-01-12
127800200,2022-01-12
127850200,2022-01-13
127900200,2022-01-13
127950200,2022-01-14
128000200,2022-01-14
128050200,2022-01-14
128100200,2022-01-15
128150200,2022-01-15
128200200,2022-01-16
128250200,2022-01-16
128300200,2022-01-16
128350200,2022-01-17
128400200,2022-01-17
128450200,2022-01-18
128500200,2022-01-18
128550200,2022-01-19
128600200,2022-01-19
128650200,2022-01-20
128700200,2022-01-20
128750200,2022-01-20
128800200,2022-01-21
128850200,2022-01-21
128900200,2022-01-22
128950200,2022-01-22
129000200,2022-01-22
129050200,2022-01-23
129100200,2022-01-23
129150200,2022-01-23
129200200,2022-01-24
129250200,2022-01-24
129300200,2022-01-25
129350200,2022-01-25
129400200,2022-01-26
129450200,2022-01-26
129500200,2022-01-27
129550200,2022-01-27
129600200,2022-01-27
129650200,2022-01-28
129700200,2022-01-28
129750200,2022-01-29
129800200,2022-01-29
129850200,2022-01-29
129900200,2022-01-30
129950200,2022-01-30
130000200,2022-01-31
130050200,2022-01-31
130100200,2022-01-31
130150200,2022-02-01
130200200,2022-02-01
130250200,2022-02-02
130300200,2022-02-02
130350200,2022-02-02
130400200,2022-02-03
130450200,2022-02-03
130500200,2022-02-04
130550200,2022-02-04
130600200,2022-02-04
130650200,2022-02-05
130700200,2022-02-05
130750200,2022-02-05
130800200,2022-02-06
130850200,2022-02-06
130900200,2022-02-07
130950200,2022-02-07
131000200,2022-02-07
131050200,2022-02-08
131100200,2022-02-08
131150200,2022-02-09
131200300,2022-02-09
131250300,2022-02-10
131300300,2022-02-10
131350300,2022-02-10
131400300,2022-02-11
131450300,2022-02-11
131500300,2022-02-12
131550300,2022-02-12
131600300,2022-02-12
131650300,2022-02-13
131700300,2022-02-13
131750300,2022-02-13
131800300,2022-02-14
131850300,2022-02-14
131900300,2022-02-15
131950300,2022-02-15
132000300,2022-02-16
132050300,2022-02-16
132100300,2022-02-17
132150300,2022-02-17
132200300,2022-02-18
132250300,2022-02-18
132300300,2022-02-18
132350300,2022-02-19
132400300,2022-02-19
132450300,2022-02-19
132500300,2022-02-20
132550300,2022-02-20
132600300,2022-02-20
132650300,2022-02-21
132700300,2022-02-21
132750300,2022-02-22
132800300,2022-02-22
132850300,2022-02-23
132900300,2022-02-23
132950300,2022-02-24
133000300,2022-02-24
133050300,2022-02-25
133100300,2022-02-25
133150300,2022-02-25
133200300,2022-02-26
133250300,2022-02-26
133300300,2022-02-27
133350300,2022-02-27
133400300,2022-02-27
133450300,2022-02-28
133500300,2022-02-28
133550300,2022-03-01
133600300,2022-03-01
133650300,2022-03-02
133700300,2022-03-02
133750300,2022-03-03
133800300,2022-03-03
133850300,2022-03-04
133900300,2022-03-04
133950300,2022-03-05
134000300,2022-03-05
134050300,2022-03-05
134100300,2022-03-06
134150300,2022-03-06
134200300,2022-03-06
134250300,2022-03-07
134300300,2022-03-07
134350300,2022-03-07
134400300,2022-03-08
134450300,2022-03-08
134500300,2022-03-09
134550300,2022-03-09
134600300,2022-03-10
134650300,2022-03-10
134700300,2022-03-11
134750300,2022-03-11
134800300,2022-03-11
134850300,2022-03-12
134900300,2022-03-12
134950300,2022-03-12
135000300,2022-03-13
135050300,2022-03-13
135100300,2022-03-14
135150300,2022-03-14
135200300,2022-03-15
135250300,2022-03-15
135300300,2022-03-16
135350300,2022-03-16
135400300,2022-03-17
135450300,2022-03-17
135500300,2022-03-18
135550300,2022-03-18
135600300,2022-03-19
135650300,2022-03-19
135700300,2022-03-19
135750300,2022-03-20
135800300,2022-03-20
135850300,2022-03-21
135900300,2022-03-21
135950300,2022-03-21
136000300,2022-03-22
136050300,2022-03-22
136100300,2022-03-23
136150300,2022-03-23
136200300,2022-03-24
136250300,2022-03-24
136300300,2022-03-25
136350300,2022-03-25
136400300,2022-03-26
136450300,2022-03-26
136500300,2022-03-26
136550300,2022-03-27
136600300,2022-03-27
136650300,2022-03-28
136700300,2022-03-28
136750300,2022-03-29
136800300,2022-03-29
136850300,2022-03-30
136900300,2022-03-30
136950300,2022-03-31
137000300,2022-03-31
137050300,2022-04-01
137100300,2022-04-01
137150300,2022-04-02
137200300,2022-04-02
137250300,2022-04-02
137300300,2022-04-03
137350300,2022-04-03
137400300,2022-04-03
137450300,2022-04-04
137500300,2022-04-04
137550300,2022-04-05
137600300,2022-04-06
137650300,2022-04-06
137700300,2022-04-07
137750300,2022-04-07
137800300,2022-04-08
137850300,2022-04-08
137900300,2022-04-09
137950300,2022-04-09
138000300,2022-04-09
138050300,2022-04-10
138100300,2022-04-10
138150300,2022-04-11
138200300,2022-04-11
138250300,2022-04-12
138300300,2022-04-12
138350300,2022-04-13
138400300,2022-04-13
138450300,2022-04-14
138500300,2022-04-14
138550300,2022-04-15
138600300,2022-04-15
138650300,2022-04-16
138700300,2022-04-16
138750300,2022-04-16
138800300,2022-04-17
138850300,2022-04-17
138900300,2022-04-18
138950300,2022-04-18
139000300,2022-04-19
139050300,2022-04-19
139100300,2022-04-20
139150300,2022-04-20
139200300,2022-04-21
139250300,2022-04-21
139300300,2022-04-22
139350300,2022-04-22
139400300,2022-04-23
139450300,2022-04-23
139500300,2022-04-23
139550300,2022-04-24
139600300,2022-04-24
139650300,2022-04-24
139700300,2022-04-25
139750300,2022-04-25
139800300,2022-04-26
139850300,2022-04-26
139900300,2022-04-27
139950300,2022-04-27
140000300,2022-04-28
140050300,2022-04-28
140100300,2022-04-29
140150300,2022-04-29
140200300,2022-04-29
140250300,2022-04-30
140300300,2022-04-30
140350300,2022-05-01
140400300,2022-05-01
140450300,2022-05-01
140500300,2022-05-02
140550300,2022-05-02
140600300,2022-05-02
140650300,2022-05-03
140700300,2022-05-03
140750300,2022-05-04
140800300,2022-05-05
140850300,2022-05-05
140900300,2022-05-06
140950300,2022-05-06
141000300,2022-05-07
141050300,2022-05-07
141100300,2022-05-08
141150300,2022-05-08
141200300,2022-05-08
141250300,2022-05-09
141300300,2022-05-09
141350300,2022-05-10
141400300,2022-05-10
141450300,2022-05-11
141500300,2022-05-12
141550300,2022-05-12
141600300,2022-05-13
141650300,2022-05-13
141700300,2022-05-14
141750300,2022-05-14
141800300,2022-05-15
141850300,2022-05-15
141900300,2022-05-16
141950300,2022-05-16
142000300,2022-05-17
142050300,2022-05-17
142100300,2022-05-18
142150300,2022-05-19
142200300,2022-05-19
142250300,2022-05-20
142300300,2022-05-20
142350300,2022-05-21
142400300,2022-05-21
142450300,2022-05-22
142500300,2022-05-22
142550300,2022-05-23
142600300,2022-05-23
142650300,2022-05-24
142700300,2022-05-24
142750300,2022-05-25
142800300,2022-05-25
142850300,2022-05-26
142900300,2022-05-26
142950300,2022-05-27
143000300,2022-05-27
143050300,2022-05-28
143100300,2022-05-28
143150300,2022-05-29
143200300,2022-05-29
143250300,2022-05-30
143300300,2022-05-30
143350300,2022-05-31
143400300,2022-05-31
143450300,2022-06-01
143500300,2022-06-01
143550300,2022-06-02
143600300,2022-06-03
143650300,2022-06-03
143700300,2022-06-04
143750300,2022-06-04
143800300,2022-06-04
143850300,2022-06-05
143900300,2022-06-05
143950300,2022-06-06
144000300,2022-06-06
144050300,2022-06-07
144100300,2022-06-07
144150300,2022-06-08
144200300,2022-06-08
144250300,2022-06-09
144300300,2022-06-09
144350300,2022-06-10
144400300,2022-06-10
144450300,2022-06-11
144500300,2022-06-11
144550300,2022-06-11
144600300,2022-06-12
144650300,2022-06-12
144700300,2022-06-12
144750300,2022-06-13
144800300,2022-06-13
144850300,2022-06-14
144900300,2022-06-14
144950300,2022-06-15
145000300,2022-06-15
145050300,2022-06-16
145100300,2022-06-16
145150300,2022-06-17
145200300,2022-06-17
145250300,2022-06-17
145300300,2022-06-18
145350300,2022-06-18
145400300,2022-06-19
145450300,2022-06-19
145500300,2022-06-20
145550300,2022-06-20
145600300,2022-06-21
145650300,2022-06-21
145700300,2022-06-22
145750300,2022-06-22
145800300,2022-06-23
145850300,2022-06-23
145900300,2022-06-24
145950300,2022-06-24
146000300,2022-06-25
146050300,2022-06-25
146100300,2022-06-26
146150300,2022-06-26
146200300,2022-06-27
146250300,2022-06-27
146300300,2022-06-28
146350300,2022-06-29
146400300,2022-06-29
146450300,2022-06-30
146500300,2022-06-30
146550300,2022-07-01
146600300,2022-07-01
146650300,2022-07-02
146700300,2022-07-02
146750300,2022-07-03
146800300,2022-07-03
146850300,2022-07-04
146900300,2022-07-04
146950300,2022-07-05
147000300,2022-07-05
147050300,2022-07-06
147100300,2022-07-06
147150300,2022-07-07
147200300,2022-07-07
147250300,2022-07-08
147300300,2022-07-08
147350300,2022-07-09
147400300,2022-07-09
147450300,2022-07-10
147500300,2022-07-11
147550300,2022-07-11
147600300,2022-07-12
147650300,2022-07-12
147700300,2022-07-13
147750300,2022-07-13
147800300,2022-07-14
147850300,2022-07-15
147900300,2022-07-15
147950300,2022-07-16
148000300,2022-07-16
148050300,2022-07-17
148100300,2022-07-17
148150300,2022-07-18
148200300,2022-07-18
148250300,2022-07-19
148300300,2022-07-19
148350300,2022-07-20
148400300,2022-07-21
148450400,2022-07-21
148500400,2022-07-22
148550400,2022-07-22
148600400,2022-07-23
148650400,2022-07-23
148700400,2022-07-24
148750400,2022-07-24
148800400,2022-07-25
148850400,2022-07-25
148900400,2022-07-26
148950400,2022-07-26
149000400,2022-07-27
149050400,2022-07-28
149100400,2022-07-28
149150400,2022-07-29
149200400,2022-07-29
149250400,2022-07-30
149300400,2022-07-30
149350400,2022-07-31
149400400,2022-07-31
149450400,2022-08-01
149500400,2022-08-01
149550400,2022-08-02
149600400,2022-08-02
149650400,2022-08-03
149700400,2022-08-03
149750400,2022-08-04
149800400,2022-08-05
149850400,2022-08-05
149900400,2022-08-06
149950400,2022-08-06
150000400,2022-08-07
150050400,2022-08-07
150100400,2022-08-08
150150400,2022-08-08
150200400,2022-08-09
150250400,2022-08-10
150300400,2022-08-10
150350400,2022-08-11
150400400,2022-08-11
150450400,2022-08-12
150500400,2022-08-13
150550500,2022-08-13
150600500,2022-08-14
150650500,2022-08-14
150700500,2022-08-15
150750500,2022-08-15
150800500,2022-08-16
150850500,2022-08-16
150900500,2022-08-17
150950500,2022-08-18
151000500,2022-08-18
151050500,2022-08-19
151100500,2022-08-19
151150500,2022-08-20
151200500,2022-08-20
151250500,2022-08-21
151300500,2022-08-21
151350500,2022-08-22
151400500,2022-08-22
151450500,2022-08-23
151500500,2022-08-24
151550500,2022-08-24
151600500,2022-08-25
151650500,2022-08-25
151700500,2022-08-26
151750500,2022-08-27
151800500,2022-08-27
151850500,2022-08-28
151900500,2022-08-28
151950500,2022-08-29
152000500,2022-08-29
152050500,2022-08-30
152100500,2022-08-31
152150500,2022-08-31
152200500,2022-09-01
152250500,2022-09-01
152300500,2022-09-02
152350500,2022-09-03
152400500,2022-09-03
152450500,2022-09-03
152500500,2022-09-04
152550500,2022-09-04
152600500,2022-09-05
152650500,2022-09-06
152700500,2022-09-06
152750500,2022-09-07
152800500,2022-09-08
152850500,2022-09-08
152900500,2022-09-09
152950500,2022-09-09
153000500,2022-09-10
153050500,2022-09-10
153100500,2022-09-11
153150500,2022-09-11
153200500,2022-09-12
153250500,2022-09-13
153300500,2022-09-13
153350500,2022-09-14
153400500,2022-09-14
153450500,2022-09-15
153500500,2022-09-16
153550500,2022-09-16
153600500,2022-09-17
153650500,2022-09-17
153700500,2022-09-18
153750500,2022-09-18
153800500,2022-09-19
153850500,2022-09-19
153900500,2022-09-20
153950500,2022-09-21
154000500,2022-09-21
154050500,2022-09-22
154100500,2022-09-23
154150500,2022-09-23
154200500,2022-09-24
154250500,2022-09-24
154300500,2022-09-25
154350500,2022-09-25
154400500,2022-09-26
154450500,2022-09-26
154500500,2022-09-27
154550500,2022-09-28
154600500,2022-09-28
154650500,2022-09-29
154700500,2022-09-30
154750500,2022-09-30
154800500,2022-10-01
154850500,2022-10-01
154900500,2022-10-02
154950500,2022-10-02
155000500,2022-10-02
155050500,2022-10-03
155100500,2022-10-04
155150500,2022-10-04
155200500,2022-10-05
155250500,2022-10-06
155300500,2022-10-06
155350500,2022-10-07
155400500,2022-10-07
155450500,2022-10-08
155500500,2022-10-08
155550500,2022-10-09
155600500,2022-10-09
155650500,2022-10-10
155700500,2022-10-10
155750500,2022-10-11
155800500,2022-10-12
155850500,2022-10-12
155900500,2022-10-13
155950500,2022-10-14
156000500,2022-10-14
156050500,2022-10-15
156100500,2022-10-15
156150500,2022-10-15
156200500,2022-10-16
156250500,2022-10-16
156300500,2022-10-17
156350500,2022-10-18
156400500,2022-10-18
156450500,2022-10-19
156500500,2022-10-19
156550500,2022-10-20
156600500,2022-10-20
156650500,2022-10-21
156700600,2022-10-21
156750600,2022-10-22
156800600,2022-10-22
156850600,2022-10-22
156900600,2022-10-23
156950600,2022-10-23
157000600,2022-10-24
157050600,2022-10-24
157100600,2022-10-24
157150600,2022-10-25
157200600,2022-10-26
157250700,2022-10-26
157300700,2022-10-27
157350700,2022-10-27
157400700,2022-10-28
157450700,2022-10-28
157500700,2022-10-29
157550700,2022-10-29
157600700,2022-10-30
157650700,2022-10-30
157700700,2022-10-31
157750700,2022-10-31
157800700,2022-11-01
157850700,2022-11-01
157900700,2022-11-02
157950700,2022-11-02
158000700,2022-11-03
158050700,2022-11-03
158100700,2022-11-04
158150700,2022-11-04
158200700,2022-11-05
158250700,2022-11-05
158300700,2022-11-06
158350700,2022-11-06
158400700,2022-11-07
158450700,2022-11-07
158500700,2022-11-08
158550700,2022-11-09
158600700,2022-11-09
158650700,2022-11-10
158700700,2022-11-11
158750700,2022-11-11
158800700,2022-11-12
158850700,2022-11-12
158900700,2022-11-13
158950700,2022-11-13
159000700,2022-11-13
159050700,2022-11-14
159100700,2022-11-15
159150700,2022-11-15
159200700,2022-11-16
159250700,2022-11-17
159300700,2022-11-17
159350700,2022-11-18
159400700,2022-11-18
159450700,2022-11-19
159500700,2022-11-19
159550700,2022-11-20
159600700,2022-11-20
159650700,2022-11-21
159700700,2022-11-21
159750700,2022-11-22
159800700,2022-11-23
159850700,2022-11-23
159900700,2022-11-24
159950700,2022-11-25
160000700,2022-11-25
160050700,2022-11-26
160100700,2022-11-26
160150700,2022-11-26
160200700,2022-11-27
160250700,2022-11-27
160300700,2022-11-28
160350700,2022-11-29
160400700,2022-11-29
160450700,2022-11-30
160500700,2022-11-30
160550700,2022-12-01
160600700,2022-12-02
160650700,2022-12-02
160700700,2022-12-03
160750700,2022-12-03
160800700,2022-12-03
160850700,2022-12-04
160900700,2022-12-04
160950700,2022-12-05
161000700,2022-12-05
161050700,2022-12-06
161100700,2022-12-06
161150700,2022-12-07
161200700,2022-12-07
161250700,2022-12-08
161300700,2022-12-08
161350700,2022-12-09
161400700,2022-12-09
161450700,2022-12-10
161500700,2022-12-10
161550700,2022-12-11
161600700,2022-12-11
161650700,2022-12-12
161700700,2022-12-12
161750700,2022-12-13
161800700,2022-12-14
161850700,2022-12-14
161900700,2022-12-15
161950700,2022-12-15
162000700,2022-12-16
162050700,2022-12-16
162100700,2022-12-17
162150700,2022-12-17
162200700,2022-12-17
162250700,2022-12-18
162300700,2022-12-18
162350700,2022-12-19
162400700,2022-12-19
162450700,2022-12-20
162500700,2022-12-21
162550700,2022-12-21
162600700,2022-12-22
162650700,2022-12-22
162700700,2022-12-23
162750700,2022-12-23
162800700,2022-12-23
162850700,2022-12-24
162900700,2022-12-24
162950700,2022-12-24
163000700,2022-12-25
163050700,2022-12-25
163100700,2022-12-25
163150700,2022-12-26
163200700,2022-12-26
163250700,2022-12-27
163300700,2022-12-27
163350700,2022-12-28
163400700,2022-12-28
163450700,2022-12-28
163500700,2022-12-29
163550700,2022-12-29
163600700,2022-12-29
163650700,2022-12-30
163700700,2022-12-30
163750700,2022-12-30
163800700,2022-12-31
163850700,2022-12-31
163900700,2022-12-31
163950700,2023-01-01
164000700,2023-01-01
164050700,2023-01-01
164100700,2023-01-01
164150700,2023-01-02
164200700,2023-01-02
164250700,2023-01-02
164300700,2023-01-03
164350700,2023-01-03
164400700,2023-01-03
164450700,2023-01-04
164500700,2023-01-04
164550700,2023-01-04
164600700,2023-01-05
164650700,2023-01-05
164700700,2023-01-06
164750700,2023-01-06
164800700,2023-01-06
164850700,2023-01-07
164900700,2023-01-07
164950700,2023-01-07
165000700,2023-01-08
165050700,2023-01-08
165100700,2023-01-08
165150700,2023-01-09
165200700,2023-01-09
165250700,2023-01-09
165300700,2023-01-10
165350700,2023-01-10
165400700,2023-01-11
165450700,2023-01-11
165500700,2023-01-11
165550700,2023-01-12
165600700,2023-01-12
165650700,2023-01-13
165700700,2023-01-13
165750700,2023-01-13
165800700,2023-01-14
165850700,2023-01-14
165900700,2023-01-14
165950700,2023-01-15
166000700,2023-01-15
166050700,2023-01-15
166100700,2023-01-16
166150700,2023-01-16
166200700,2023-01-16
166250700,2023-01-17
166300700,2023-01-17
166350700,2023-01-18
166400700,2023-01-18
166450700,2023-01-19
166500700,2023-01-19
166550700,2023-01-19
166600700,2023-01-20
166650700,2023-01-20
166700700,2023-01-20
166750700,2023-01-21
166800700,2023-01-21
166850700,2023-01-21
166900700,2023-01-21
166950700,2023-01-21
167000700,2023-01-22
167050700,2023-01-22
167100700,2023-01-22
167150700,2023-01-23
167200700,2023-01-23
167250700,2023-01-23
167300700,2023-01-24
167350700,2023-01-24
167400700,2023-01-25
167450700,2023-01-25
167500700,2023-01-25
167550700,2023-01-26
167600700,2023-01-26
167650700,2023-01-27
167700700,2023-01-27
167750700,2023-01-27
167800700,2023-01-28
167850700,2023-01-28
167900700,2023-01-28
167950700,2023-01-28
168000700,2023-01-29
168050700,2023-01-29
168100700,2023-01-29
168150700,2023-01-30
168200700,2023-01-30
168250700,2023-01-31
168300700,2023-01-31
168350700,2023-01-31
168400700,2023-02-01
168450700,2023-02-01
168500700,2023-02-02
168550700,2023-02-02
168600700,2023-02-02
168650700,2023-02-03
168700700,2023-02-03
168750700,2023-02-04
168800700,2023-02-04
168850700,2023-02-04
168900700,2023-02-04
168950700,2023-02-05
169000700,2023-02-05
169050700,2023-02-05
169100700,2023-02-06
169150700,2023-02-06
169200700,2023-02-07
169250700,2023-02-07
169300700,2023-02-07
169350700,2023-02-08
169400700,2023-02-08
169450700,2023-02-09
169500700,2023-02-09
169550700,2023-02-09
169600700,2023-02-10
169650700,2023-02-10
169700700,2023-02-11
169750700,2023-02-11
169800700,2023-02-11
169850700,2023-02-11
169900700,2023-02-12
169950700,2023-02-12
170000700,2023-02-12
170050700,2023-02-13
170100700,2023-02-13
170150700,2023-02-14
170200700,2023-02-14
170250700,2023-02-14
170300700,2023-02-15
170350700,2023-02-15
170400700,2023-02-16
170450700,2023-02-16
170500700,2023-02-16
170550700,2023-02-17
170600700,2023-02-17
170650700,2023-02-17
170700700,2023-02-18
170750700,2023-02-18
170800700,2023-02-18
170850700,2023-02-19
170900700,2023-02-19
170950700,2023-02-19
171000700,2023-02-19
171050700,2023-02-20
171100700,2023-02-20
171150700,2023-02-21
171200700,2023-02-21
171250700,2023-02-21
171300700,2023-02-22
171350700,2023-02-22
171400700,2023-02-23
171450700,2023-02-23
171500700,2023-02-23
171550700,2023-02-24
171600700,2023-02-24
171650700,2023-02-24
171700700,2023-02-25
171750700,2023-02-25
171800700,2023-02-25
171850700,2023-02-25
171900700,2023-02-26
171950700,2023-02-26
172000700,2023-02-26
172050700,2023-02-27
172100700,2023-02-27
172150700,2023-02-28
172200700,2023-02-28
172250700,2023-03-01
172300700,2023-03-01
172350700,2023-03-02
172400700,2023-03-02
172450700,2023-03-02
172500700,2023-03-03
172550700,2023-03-03
172600700,2023-03-04
172650700,2023-03-04
172700700,2023-03-04
172750700,2023-03-04
172800700,2023-03-05
172850700,2023-03-05
172900700,2023-03-05
172950700,2023-03-06
173000700,2023-03-06
173050700,2023-03-06
173100700,2023-03-07
173150700,2023-03-07
173200700,2023-03-08
173250700,2023-03-08
173300700,2023-03-08
173350700,2023-03-09
173400700,2023-03-09
173450700,2023-03-09
173500700,2023-03-10
173550700,2023-03-10
173600700,2023-03-10
173650700,2023-03-11
173700700,2023-03-11
173750700,2023-03-11
173800700,2023-03-12
173850700,2023-03-12
173900700,2023-03-12
173950700,2023-03-13
174000700,2023-03-13
174050700,2023-03-14
174100700,2023-03-14
174150700,2023-03-14
174200700,2023-03-15
174250700,2023-03-15
174300700,2023-03-16
174350700,2023-03-16
174400700,2023-03-17
174450700,2023-03-17
174500700,2023-03-17
174550700,2023-03-18
174600700,2023-03-18
174650700,2023-03-18
174700700,2023-03-19
174750700,2023-03-19
174800700,2023-03-19
174850700,2023-03-20
174900700,2023-03-20
174950700,2023-03-21
175000700,2023-03-21
175050700,2023-03-21
175100700,2023-03-22
175150700,2023-03-22
175200700,2023-03-23
175250700,2023-03-23
175300700,2023-03-24
175350700,2023-03-24
175400700,2023-03-24
175450700,2023-03-25
175500700,2023-03-25
175550700,2023-03-25
175600700,2023-03-26
175650700,2023-03-26
175700700,2023-03-26
175750700,2023-03-27
175800700,2023-03-27
175850700,2023-03-28
175900700,2023-03-28
175950700,2023-03-28
176000700,2023-03-29
176050700,2023-03-29
176100700,2023-03-30
176150700,2023-03-30
176200700,2023-03-31
176250700,2023-03-31
176300700,2023-03-31
176350700,2023-04-01
176400700,2023-04-01
176450700,2023-04-01
176500700,2023-04-02
176550700,2023-04-02
176600700,2023-04-02
176650700,2023-04-03
176700700,2023-04-03
176750700,2023-04-04
176800700,2023-04-04
176850700,2023-04-04
176900700,2023-04-05
176950700,2023-04-05
177000700,2023-04-05
177050700,2023-04-06
177100700,2023-04-06
177150700,2023-04-07
177200700,2023-04-07
177250700,2023-04-07
177300700,2023-04-08
177350700,2023-04-08
177400700,2023-04-08
177450700,2023-04-09
177500700,2023-04-09
177550700,2023-04-09
177600700,2023-04-10
177650700,2023-04-10
177700700,2023-04-11
177750700,2023-04-11
177800700,2023-04-11
177850700,2023-04-12
177900700,2023-04-12
177950700,2023-04-13
178000700,2023-04-13
178050700,2023-04-14
178100700,2023-04-14
178150700,2023-04-14
178200700,2023-04-15
178250700,2023-04-15
178300700,2023-04-15
178350700,2023-04-16
178400700,2023-04-16
178450700,2023-04-16
178500700,2023-04-17
178550700,2023-04-17
178600700,2023-04-17
178650700,2023-04-18
178700700,2023-04-18
178750700,2023-04-19
178800700,2023-04-19
178850700,2023-04-20
178900700,2023-04-20
178950700,2023-04-21
179000700,2023-04-21
179050700,2023-04-21
179100700,2023-04-22
179150700,2023-04-22
179200700,2023-04-22
179250700,2023-04-23
179300700,2023-04-23
179350700,2023-04-23
179400700,2023-04-24
179450700,2023-04-24
179500700,2023-04-25
179550700,2023-04-25
179600700,2023-04-26
179650700,2023-04-26
179700700,2023-04-27
179750700,2023-04-27
179800700,2023-04-28
179850700,2023-04-28
179900700,2023-04-29
179950700,2023-04-29
180000700,2023-04-29
180050700,2023-04-30
180100700,2023-04-30
180150700,2023-04-30
180200700,2023-05-01
180250700,2023-05-01
180300700,2023-05-02
180350700,2023-05-02
180400700,2023-05-03
180450700,2023-05-03
180500700,2023-05-03
180550700,2023-05-04
180600700,2023-05-04
180650700,2023-05-05
180700700,2023-05-05
180750700,2023-05-06
180800700,2023-05-06
180850700,2023-05-06
180900700,2023-05-07
180950700,2023-05-07
181000700,2023-05-08
181050700,2023-05-08
181100700,2023-05-08
181150700,2023-05-09
181200700,2023-05-09
181250700,2023-05-10
181300700,2023-05-10
181350700,2023-05-11
181400700,2023-05-11
181450700,2023-05-12
181500700,2023-05-12
181550700,2023-05-13
181600700,2023-05-13
181650700,2023-05-14
181700700,2023-05-14
181750700,2023-05-14
181800700,2023-05-15
181850700,2023-05-15
181900700,2023-05-16
181950700,2023-05-16
182000700,2023-05-17
182050700,2023-05-18
182100700,2023-05-18
182150700,2023-05-19
182200700,2023-05-19
182250700,2023-05-20
182300700,2023-05-20
182350700,2023-05-20
182400700,2023-05-21
182450700,2023-05-21
182500700,2023-05-22
182550700,2023-05-22
182600700,2023-05-23
182650700,2023-05-24
182700700,2023-05-24
182750700,2023-05-25
182800700,2023-05-25
182850700,2023-05-26
182900700,2023-05-26
182950700,2023-05-27
183000700,2023-05-27
183050700,2023-05-28
183100700,2023-05-28
183150700,2023-05-29
183200700,2023-05-29
183250700,2023-05-29
183300700,2023-05-30
183350700,2023-05-30
183400700,2023-05-31
183450700,2023-05-31
183500700,2023-06-01
183550700,2023-06-01
183600700,2023-06-02
183650700,2023-06-02
183700700,2023-06-03
183750700,2023-06-03
183800700,2023-06-04
183850700,2023-06-04
183900700,2023-06-04
183950700,2023-06-05
184000700,2023-06-05
184050700,2023-06-06
184100700,2023-06-06
184150700,2023-06-07
184200700,2023-06-07
184250700,2023-06-08
184300700,2023-06-08
184350700,2023-06-09
184400700,2023-06-09
184450700,2023-06-10
184500700,2023-06-10
184550700,2023-06-11
184600700,2023-06-11
184650700,2023-06-12
184700700,2023-06-12
184750700,2023-06-13
184800700,2023-06-13
184850700,2023-06-14
184900700,2023-06-14
184950700,2023-06-14
185000700,2023-06-15
185050700,2023-06-15
185100700,2023-06-16
185150700,2023-06-16
185200700,2023-06-17
185250700,2023-06-17
185300700,2023-06-18
185350700,2023-06-18
185400700,2023-06-18
185450700,2023-06-19
185500700,2023-06-19
185550700,2023-06-20
185600700,2023-06-20
185650700,2023-06-21
185700700,2023-06-21
185750700,2023-06-22
185800700,2023-06-22
185850700,2023-06-23
185900700,2023-06-23
185950700,2023-06-24
186000700,2023-06-24
186050700,2023-06-25
186100700,2023-06-25
186150700,2023-06-25
186200700,2023-06-26
186250700,2023-06-26
186300700,2023-06-27
186350700,2023-06-27
186400700,2023-06-28
186450700,2023-06-28
186500700,2023-06-29
186550700,2023-06-29
186600700,2023-06-30
186650700,2023-06-30
186700700,2023-07-01
186750700,2023-07-01
186800700,2023-07-02
186850700,2023-07-02
186900700,2023-07-03
186950700,2023-07-03
187000700,2023-07-04
187050700,2023-07-05
187100700,2023-07-05
187150700,2023-07-06
187200700,2023-07-06
187250700,2023-07-07
187300700,2023-07-07
187350700,2023-07-08
187400700,2023-07-08
187450700,2023-07-09
187500700,2023-07-09
187550700,2023-07-10
187600700,2023-07-11
187650700,2023-07-11
187700700,2023-07-12
187750700,2023-07-12
187800700,2023-07-13
187850700,2023-07-13
187900700,2023-07-14
187950700,2023-07-14
188000700,2023-07-15
188050700,2023-07-16
188100700,2023-07-16
188150700,2023-07-17
188200700,2023-07-17
188250700,2023-07-18
188300700,2023-07-19
188350700,2023-07-19
188400700,2023-07-20
188450700,2023-07-21
188500700,2023-07-21
188550700,2023-07-22
188600700,2023-07-22
188650700,2023-07-23
188700700,2023-07-24
188750700,2023-07-24
188800700,2023-07-25
188850700,2023-07-25
188900700,2023-07-26
188950700,2023-07-27
189000700,2023-07-27
189050700,2023-07-28
189100700,2023-07-29
189150700,2023-07-29
189200700,2023-07-30
189250700,2023-07-30
189300700,2023-07-31
189350700,2023-08-01
189400700,2023-08-01
189450700,2023-08-02
189500700,2023-08-03
189550700,2023-08-03
189600700,2023-08-04
189650700,2023-08-05
189700700,2023-08-05
189750700,2023-08-06
189800700,2023-08-07
189850700,2023-08-07
189900700,2023-08-08
189950700,2023-08-09
190000700,2023-08-09
190050700,2023-08-10
190100700,2023-08-10
190150700,2023-08-11
190200700,2023-08-12
190250700,2023-08-12
190300700,2023-08-13
190350700,2023-08-13
190400700,2023-08-14
190450700,2023-08-15
190500700,2023-08-15
190550700,2023-08-16
190600700,2023-08-16
190650700,2023-08-17
190700700,2023-08-18
190750700,2023-08-18
190800700,2023-08-19
190850700,2023-08-19
190900700,2023-08-20
190950700,2023-08-20
191000700,2023-08-21
191050700,2023-08-22
191100700,2023-08-22
191150700,2023-08-23
191200700,2023-08-23
191250700,2023-08-24
191300700,2023-08-24
191350700,2023-08-25
191400700,2023-08-26
191450700,2023-08-26
191500700,2023-08-27
191550700,2023-08-27
191600700,2023-08-28
191650700,2023-08-28
191700700,2023-08-29
191750700,2023-08-29
191800700,2023-08-30
191850700,2023-08-30
191900700,2023-08-31
191950700,2023-08-31
192000700,2023-09-01
192050700,2023-09-01
192100700,2023-09-02
192150700,2023-09-02
192200700,2023-09-03
192250700,2023-09-03
192300700,2023-09-03
192350700,2023-09-04
192400700,2023-09-05
192450700,2023-09-05
192500700,2023-09-06
192550700,2023-09-06
192600700,2023-09-07
192650700,2023-09-07
192700700,2023-09-08
192750700,2023-09-08
192800700,2023-09-09
192850700,2023-09-09
192900700,2023-09-09
192950700,2023-09-10
193000700,2023-09-10
193050700,2023-09-10
193100700,2023-09-11
193150700,2023-09-12
193200700,2023-09-12
193250700,2023-09-13
193300700,2023-09-13
193350700,2023-09-14
193400700,2023-09-14
193450700,2023-09-15
193500700,2023-09-15
193550700,2023-09-16
193600700,2023-09-16
193650700,2023-09-17
193700700,2023-09-17
193750700,2023-09-18
193800700,2023-09-18
193850700,2023-09-19
193900700,2023-09-20
193950700,2023-09-20
194000700,2023-09-21
194050700,2023-09-22
194100700,2023-09-22
194150700,2023-09-23
194200700,2023-09-23
194250700,2023-09-24
194300700,2023-09-24
194350700,2023-09-25
194400700,2023-09-25
194450700,2023-09-26
194500700,2023-09-27
194550700,2023-09-28
194600700,2023-09-28
194650700,2023-09-29
194700700,2023-09-30
194750700,2023-09-30
194800700,2023-09-30
194850700,2023-10-01
194900700,2023-10-01
194950700,2023-10-02
195000700,2023-10-03
195050700,2023-10-03
195100700,2023-10-04
195150700,2023-10-05
195200700,2023-10-05
195250700,2023-10-06
195300700,2023-10-07
195350700,2023-10-07
195400700,2023-10-07
195450700,2023-10-08
195500700,2023-10-08
195550700,2023-10-09
195600700,2023-10-09
195650700,2023-10-10
195700700,2023-10-11
195750700,2023-10-11
195800700,2023-10-12
195850700,2023-10-13
195900700,2023-10-13
195950700,2023-10-14
196000700,2023-10-14
196050700,2023-10-15
196100700,2023-10-15
196150700,2023-10-15
196200700,2023-10-16
196250700,2023-10-17
196300700,2023-10-17
196350700,2023-10-18
196400700,2023-10-19
196450700,2023-10-19
196500700,2023-10-20
196550700,2023-10-20
196600700,2023-10-21
196650700,2023-10-21
196700700,2023-10-22
196750700,2023-10-22
196800700,2023-10-23
196850700,2023-10-23
196900700,2023-10-24
196950700,2023-10-25
197000700,2023-10-25
197050700,2023-10-26
197100700,2023-10-26
197150700,2023-10-27
197200700,2023-10-27
197250700,2023-10-28
197300700,2023-10-28
197350700,2023-10-29
197400700,2023-10-29
197450700,2023-10-29
197500700,2023-10-30
197550700,2023-10-30
197600700,2023-10-31
197650700,2023-10-31
197700700,2023-11-01
197750700,2023-11-01
197800700,2023-11-02
197850700,2023-11-02
197900700,2023-11-03
197950700,2023-11-03
198000700,2023-11-04
198050700,2023-11-04
198100700,2023-11-04
198150700,2023-11-05
198200700,2023-11-05
198250700,2023-11-06
198300700,2023-11-06
198350700,2023-11-07
198400700,2023-11-08
198450700,2023-11-08
198500700,2023-11-09
198550700,2023-11-10
198600700,2023-11-10
198650700,2023-11-11
198700700,2023-11-11
198750700,2023-11-12
198800700,2023-11-12
198850700,2023-11-12
198900700,2023-11-13
198950700,2023-11-14
199000700,2023-11-14
199050700,2023-11-15
199100700,2023-11-16
199150700,2023-11-16
199200700,2023-11-17
199250700,2023-11-17
199300700,2023-11-18
199350700,2023-11-18
199400700,2023-11-19
199450700,2023-11-19
199500700,2023-11-20
199550700,2023-11-20
199600700,2023-11-21
199650700,2023-11-22
199700700,2023-11-22
199750700,2023-11-23
199800700,2023-11-23
199850700,2023-11-24
199900700,2023-11-24
199950700,2023-11-25
200000700,2023-11-25
200050700,2023-11-26
200100700,2023-11-26
200150700,2023-11-27
200200700,2023-11-27
200250700,2023-11-28
200300700,2023-11-29
200350700,2023-11-29
200400700,2023-11-30
200450700,2023-11-30
200500700,2023-12-01
200550700,2023-12-01
200600700,2023-12-02
200650700,2023-12-02
200700700,2023-12-03
200750700,2023-12-03
200800700,2023-12-03
200850700,2023-12-04
200900700,2023-12-05
200950700,2023-12-05
201000700,2023-12-06
201050700,2023-12-06
201100700,2023-12-07
201150700,2023-12-07
201200700,2023-12-08
201250700,2023-12-08
201300700,2023-12-09
201350700,2023-12-09
201400700,2023-12-09
201450700,2023-12-10
201500700,2023-12-10
201550700,2023-12-11
201600700,2023-12-11
201650700,2023-12-12
201700700,2023-12-12
201750700,2023-12-13
201800700,2023-12-13
201850700,2023-12-14
201900700,2023-12-14
201950700,2023-12-15
202000700,2023-12-15
202050700,2023-12-16
202100700,2023-12-16
202150700,2023-12-17
202200700,2023-12-17
202250700,2023-12-17
202300700,2023-12-18
202350700,2023-12-18
202400700,2023-12-19
202450700,2023-12-20
202500700,2023-12-20
202550700,2023-12-21
202600700,2023-12-21
202650700,2023-12-22
202700700,2023-12-22
202750700,2023-12-22
202800700,2023-12-23
202850700,2023-12-23
202900700,2023-12-23
202950700,2023-12-24
203000700,2023-12-24
203050700,2023-12-24
203100700,2023-12-25
203150700,2023-12-25
203200700,2023-12-26
203250700,2023-12-26
203300700,2023-12-27
203350700,2023-12-27
203400700,2023-12-28
203450700,2023-12-28
203500700,2023-12-28
203550700,2023-12-29
203600700,2023-12-29
203650700,2023-12-29
203700700,2023-12-30
203750700,2023-12-30
203800700,2023-12-30
203850700,2023-12-31
203900700,2023-12-31
203950700,2023-12-31
204000700,2024-01-01
204050700,2024-01-01
204100700,2024-01-01
204150700,2024-01-02
204200700,2024-01-02
204250700,2024-01-02
204300700,2024-01-03
204350700,2024-01-03
204400700,2024-01-03
204450700,2024-01-04
204500700,2024-01-04
204550700,2024-01-04
204600700,2024-01-05
204650700,2024-01-05
204700700,2024-01-05
204750700,2024-01-06
204800700,2024-01-06
204850700,2024-01-07
204900700,2024-01-07
204950700,2024-01-07
205000700,2024-01-08
205050700,2024-01-08
205100700,2024-01-09
205150700,2024-01-09
205200700,2024-01-09
205250700,2024-01-10
205300700,2024-01-10
205350700,2024-01-11
205400700,2024-01-11
205450700,2024-01-12
205500700,2024-01-12
205550700,2024-01-13
205600700,2024-01-13
205650700,2024-01-14
205700700,2024-01-14
205750700,2024-01-14
205800700,2024-01-15
205850700,2024-01-15
205900700,2024-01-15
205950700,2024-01-16
206000700,2024-01-16
206050700,2024-01-17
206100700,2024-01-17
206150700,2024-01-18
206200700,2024-01-18
206250700,2024-01-19
206300700,2024-01-19
206350700,2024-01-19
206400700,2024-01-20
206450700,2024-01-20
206500700,2024-01-21
206550700,2024-01-21
206600700,2024-01-21
206650700,2024-01-22
206700700,2024-01-22
206750700,2024-01-23
206800700,2024-01-23
206850700,2024-01-24
206900700,2024-01-24
206950700,2024-01-25
207000700,2024-01-26
207050700,2024-01-26
207100700,2024-01-26
207150700,2024-01-27
207200700,2024-01-27
207250700,2024-01-28
207300700,2024-01-28
207350700,2024-01-28
207400700,2024-01-29
207450700,2024-01-30
207500700,2024-01-30
207550700,2024-01-31
207600700,2024-01-31
207650700,2024-02-01
207700700,2024-02-01
207750700,2024-02-02
207800700,2024-02-02
207850700,2024-02-03
207900700,2024-02-03
207950700,2024-02-04
208000700,2024-02-04
208050700,2024-02-05
208100700,2024-02-05
208150700,2024-02-06
208200700,2024-02-06
208250700,2024-02-07
208300700,2024-02-08
208350700,2024-02-08
208400700,2024-02-09
208450700,2024-02-09
208500700,2024-02-10
208550700,2024-02-10
208600700,2024-02-10
208650700,2024-02-11
208700700,2024-02-11
208750700,2024-02-12
208800700,2024-02-12
208850700,2024-02-13
208900700,2024-02-13
208950700,2024-02-14
209000700,2024-02-15
209050700,2024-02-15
209100700,2024-02-16
209150700,2024-02-16
209200700,2024-02-17
209250700,2024-02-17
209300700,2024-02-17
209350700,2024-02-18
209400700,2024-02-18
209450700,2024-02-19
209500700,2024-02-20
209550700,2024-02-20
209600700,2024-02-21
209650700,2024-02-22
209700700,2024-02-22
209750700,2024-02-22
209800700,2024-02-23
209850700,2024-02-23
209900700,2024-02-23
209950700,2024-02-24
210000700,2024-02-24
210050700,2024-02-24
210100700,2024-02-25
210150700,2024-02-25
210200700,2024-02-26
210250700,2024-02-26
210300700,2024-02-27
210350700,2024-02-28
210400700,2024-02-29
210450700,2024-02-29
210500700,2024-03-01
210550800,2024-03-01
210600800,2024-03-02
210650800,2024-03-02
210700800,2024-03-03
210750800,2024-03-03
210800800,2024-03-04
210850800,2024-03-05
210900800,2024-03-05
210950800,2024-03-06
211000800,2024-03-07
211050800,2024-03-07
211100800,2024-03-08
211150800,2024-03-08
211200800,2024-03-09
211250800,2024-03-09
211300800,2024-03-09
211350800,2024-03-10
211400800,2024-03-10
211450800,2024-03-11
211500800,2024-03-12
211550800,2024-03-12
211600800,2024-03-13
211650800,2024-03-14
211700800,2024-03-14
211750800,2024-03-15
211800900,2024-03-15
211850900,2024-03-16
211900900,2024-03-16
211950900,2024-03-16
212000900,2024-03-17
212050900,2024-03-17
212100900,2024-03-17
212150900,2024-03-18
212200900,2024-03-19
212250900,2024-03-19
212300900,2024-03-20
212350900,2024-03-20
212400900,2024-03-21
212450900,2024-03-21
212500900,2024-03-22
212550900,2024-03-22
212600900,2024-03-22
212650900,2024-03-23
212700900,2024-03-23
212750900,2024-03-23
212800900,2024-03-24
212850900,2024-03-24
212900900,2024-03-24
212950900,2024-03-25
213000900,2024-03-25
213050900,2024-03-26
213100900,2024-03-26
213150900,2024-03-27
213200900,2024-03-28
213250900,2024-03-28
213300900,2024-03-29
213350900,2024-03-29
213400900,2024-03-30
213450900,2024-03-30
213500900,2024-03-31
213550900,2024-03-31
213600900,2024-04-01
213650900,2024-04-02
213700900,2024-04-03
213750900,2024-04-04
213800900,2024-04-04
213850900,2024-04-05
213900900,2024-04-06
213950900,2024-04-06
214000900,2024-04-07
214050900,2024-04-07
214100900,2024-04-08
214150900,2024-04-09
214200900,2024-04-10
214250900,2024-04-11
214300900,2024-04-11
214350900,2024-04-12
214400900,2024-04-13
214450900,2024-04-13
214500900,2024-04-14
214550900,2024-04-15
214600900,2024-04-15
214650900,2024-04-16
214700900,2024-04-17
214750900,2024-04-18
214800900,2024-04-18
214850900,2024-04-19
214900900,2024-04-20
214950900,2024-04-20
215000900,2024-04-21
215050900,2024-04-21
215100900,2024-04-22
215150900,2024-04-23
215200900,2024-04-23
215250900,2024-04-24
215300900,2024-04-25
215350900,2024-04-25
215400900,2024-04-26
215450900,2024-04-27
215500900,2024-04-27
215550900,2024-04-28
215600900,2024-04-28
215650900,2024-04-29
215700900,2024-04-30
215750900,2024-04-30
215800900,2024-05-01
215850900,2024-05-01
215900900,2024-05-02
215950900,2024-05-03
216000900,2024-05-03
216050900,2024-05-04
216100900,2024-05-04
216150900,2024-05-05
216200900,2024-05-06
216250900,2024-05-06
216300900,2024-05-07
216350900,2024-05-08
216400900,2024-05-08
216450900,2024-05-09
216500900,2024-05-10
216550900,2024-05-10
216600900,2024-05-11
216650900,2024-05-11
216700900,2024-05-12
216750900,2024-05-13
216800900,2024-05-13
216850900,2024-05-14
216900900,2024-05-15
216950900,2024-05-16
217000900,2024-05-17
217050900,2024-05-17
217100900,2024-05-18
217150900,2024-05-19
217200900,2024-05-19
217250900,2024-05-20
217300900,2024-05-21
217350900,2024-05-22
217400900,2024-05-23
217450900,2024-05-24
217500900,2024-05-24
217550900,2024-05-25
217600900,2024-05-26
217650900,2024-05-26
217700900,2024-05-27
217750900,2024-05-28
217800900,2024-05-29
217850900,2024-05-29
217900900,2024-05-30
217950900,2024-05-31
218000900,2024-06-01
218050900,2024-06-01
218100900,2024-06-02
218150900,2024-06-03
218200900,2024-06-03
218250900,2024-06-04
218300900,2024-06-05
218350900,2024-06-06
218400900,2024-06-06
218450900,2024-06-07
218500900,2024-06-08
218550900,2024-06-08
218600900,2024-06-09
218650900,2024-06-10
218700900,2024-06-10
218750900,2024-06-11
218800900,2024-06-12
218850900,2024-06-13
218900900,2024-06-13
218950900,2024-06-14
219000900,2024-06-15
219050900,2024-06-16
219100900,2024-06-16
219150900,2024-06-17
219200900,2024-06-18
219250900,2024-06-18
219300900,2024-06-19
219350900,2024-06-20
219400900,2024-06-20
219450900,2024-06-21
219500900,2024-06-22
219550900,2024-06-22
219600900,2024-06-23
219650900,2024-06-23
219700900,2024-06-24
219750900,2024-06-24
219800900,2024-06-24
219850900,2024-06-24
219900900,2024-06-24
219950900,2024-06-25
220000900,2024-06-25
220050900,2024-06-25
220100900,2024-06-25
220150900,2024-06-26
220200900,2024-06-26
220250900,2024-06-26
220300900,2024-06-27
220350900,2024-06-27
220400900,2024-06-27
220450900,2024-06-28
220500900,2024-06-28
220550900,2024-06-28
220600900,2024-06-29
220650900,2024-06-29
220700900,2024-06-30
220750900,2024-06-30
220800900,2024-07-01
220850900,2024-07-01
220900900,2024-07-02
220950900,2024-07-03
221000900,2024-07-03
221050900,2024-07-04
221100900,2024-07-05
221150900,2024-07-05
221200900,2024-07-06
221250900,2024-07-06
221300900,2024-07-07
221350900,2024-07-08
221400900,2024-07-08
221450900,2024-07-09
221500900,2024-07-10
221550900,2024-07-11
221600900,2024-07-11
221650900,2024-07-12
221700900,2024-07-12
221750900,2024-07-12
221800900,2024-07-13
221850900,2024-07-13
221900900,2024-07-13
221950900,2024-07-13
222000900,2024-07-14
222050900,2024-07-14
222100900,2024-07-14
222150900,2024-07-15
222200900,2024-07-16
222250900,2024-07-16
222300900,2024-07-17
222350900,2024-07-18
222400900,2024-07-19
222450900,2024-07-19
222500900,2024-07-20
222550900,2024-07-21
222600900,2024-07-21
222650900,2024-07-22
222700900,2024-07-23
222750900,2024-07-24
222800900,2024-07-24
222850900,2024-07-25
222900900,2024-07-26
222951000,2024-07-26
223001000,2024-07-27
223051000,2024-07-28
223101000,2024-07-29
223151000,2024-07-29
223201000,2024-07-30
223251000,2024-07-31
223301000,2024-07-31
223351100,2024-08-01
223401100,2024-08-02
223451100,2024-08-03
223501100,2024-08-03
223551100,2024-08-04
223601100,2024-08-05
223651100,2024-08-05
223701100,2024-08-06
223751100,2024-08-07
223801100,2024-08-08
223851100,2024-08-08
223901100,2024-08-09
223951100,2024-08-10
224001100,2024-08-10
224051100,2024-08-11
224101100,2024-08-11
224151100,2024-08-12
224201100,2024-08-13
224251100,2024-08-13
224301100,2024-08-14
224351100,2024-08-15
224401100,2024-08-15
224451100,2024-08-16
224501100,2024-08-17
224551100,2024-08-17
224601100,2024-08-18
224651100,2024-08-19
224701100,2024-08-19
224751100,2024-08-20
224801100,2024-08-21
224851100,2024-08-21
224901100,2024-08-22
224951100,2024-08-23
225001100,2024-08-23
225051100,2024-08-24
225101100,2024-08-25
225151200,2024-08-25
225201200,2024-08-26
225251200,2024-08-27
225301200,2024-08-28
225351200,2024-08-28
225401200,2024-08-29
225451200,2024-08-30
225501200,2024-08-30
225551200,2024-08-31
225601200,2024-09-01
225651200,2024-09-01
225701200,2024-09-02
225751200,2024-09-03
225801200,2024-09-04
225851200,2024-09-04
225901200,2024-09-05
225951200,2024-09-06
226001200,2024-09-06
226051200,2024-09-06
226101200,2024-09-07
226151200,2024-09-07
226201200,2024-09-08
226251200,2024-09-08
226301200,2024-09-09
226351200,2024-09-10
226401200,2024-09-10
226451200,2024-09-11
226501200,2024-09-12
226551200,2024-09-13
226601200,2024-09-13
226651200,2024-09-14
226701200,2024-09-14
226751200,2024-09-15
226801200,2024-09-15
226851200,2024-09-16
226901200,2024-09-17
226951200,2024-09-17
227001200,2024-09-18
227051200,2024-09-19
227101200,2024-09-19
227151200,2024-09-20
227201200,2024-09-21
227251200,2024-09-21
227301200,2024-09-22
227351200,2024-09-22
227401200,2024-09-23
227451200,2024-09-23
227501200,2024-09-24
227551200,2024-09-25
227601200,2024-09-25
227651200,2024-09-26
227701200,2024-09-27
227751200,2024-09-27
227801200,2024-09-28
227851200,2024-09-28
227901200,2024-09-29
227951200,2024-09-29
228001200,2024-09-30
228051200,2024-10-01
228101200,2024-10-01
228151200,2024-10-02
228201200,2024-10-03
228251200,2024-10-04
228301200,2024-10-04
228351200,2024-10-05
228401200,2024-10-05
228451200,2024-10-06
228501200,2024-10-06
228551200,2024-10-07
228601200,2024-10-08
228651200,2024-10-09
228701200,2024-10-09
228751200,2024-10-10
228801200,2024-10-11
228851200,2024-10-11
228901200,2024-10-12
228951200,2024-10-12
229001200,2024-10-13
229051200,2024-10-13
229101200,2024-10-14
229151200,2024-10-15
229201200,2024-10-16
229251200,2024-10-16
229301200,2024-10-17
229351200,2024-10-18
229401200,2024-10-18
229451200,2024-10-19
229501200,2024-10-19
229551200,2024-10-20
229601200,2024-10-20
229651200,2024-10-21
229701200,2024-10-22
229751200,2024-10-23
229801200,2024-10-23
229851200,2024-10-24
229901200,2024-10-25
229951200,2024-10-25
230001200,2024-10-26
230051200,2024-10-26
230101200,2024-10-27
230151200,2024-10-27
230201200,2024-10-28
230251200,2024-10-29
230301200,2024-10-29
230351200,2024-10-30
230401200,2024-10-30
230451200,2024-10-31
230501200,2024-11-01
230551200,2024-11-01
230601200,2024-11-02
230651200,2024-11-02
230701200,2024-11-03
230751200,2024-11-03
230801200,2024-11-04
230851200,2024-11-04
230901200,2024-11-05
230951200,2024-11-06
231001200,2024-11-06
231051200,2024-11-07
231101200,2024-11-08
231151200,2024-11-08
231201200,2024-11-09
231251200,2024-11-09
231301200,2024-11-10
231351200,2024-11-10
231401200,2024-11-11
231451200,2024-11-12
231501200,2024-11-12
231551200,2024-11-13
231601200,2024-11-14
231651200,2024-11-15
231701200,2024-11-15
231751200,2024-11-16
231801200,2024-11-16
231851200,2024-11-17
231901200,2024-11-17
231951200,2024-11-18
232001200,2024-11-19
232051200,2024-11-19
232101200,2024-11-20
232151200,2024-11-21
232201200,2024-11-21
232251200,2024-11-22
232301200,2024-11-22
232351200,2024-11-23
232401200,2024-11-23
232451200,2024-11-24
232501200,2024-11-24
232551200,2024-11-25
232601200,2024-11-25
232651200,2024-11-26
232701200,2024-11-27
232751200,2024-11-27
232801200,2024-11-28
232851200,2024-11-28
232901200,2024-11-29
232951200,2024-11-29
233001200,2024-11-30
233051200,2024-11-30
233101200,2024-12-01
233151200,2024-12-01
233201200,2024-12-01
233251200,2024-12-02
233301200,2024-12-03
233351200,2024-12-03
233401200,2024-12-04
233451200,2024-12-04
233501200,2024-12-05
233551200,2024-12-05
233601200,2024-12-06
233651200,2024-12-06
233701200,2024-12-07
233751200,2024-12-07
233801200,2024-12-08
233851200,2024-12-08
233901200,2024-12-08
233951300,2024-12-09
234001300,2024-12-09
234051300,2024-12-10
234101300,2024-12-11
234151300,2024-12-11
234201300,2024-12-12
234251300,2024-12-12
234301300,2024-12-13
234351300,2024-12-13
234401300,2024-12-14
234451300,2024-12-14
234501300,2024-12-15
234551300,2024-12-15
234601300,2024-12-16
234651300,2024-12-16
234701300,2024-12-17
234751300,2024-12-18
234801300,2024-12-18
234851300,2024-12-19
234901300,2024-12-19
234951300,2024-12-20
235001300,2024-12-20
235051300,2024-12-21
235101300,2024-12-21
235151300,2024-12-22
235201300,2024-12-22
235251300,2024-12-23
235301300,2024-12-23
235351300,2024-12-24
235401300,2024-12-24
235451300,2024-12-25
235501300,2024-12-25
235551300,2024-12-26
235601300,2024-12-26
235651300,2024-12-26
235701300,2024-12-27
235751300,2024-12-27
235801300,2024-12-28
235851300,2024-12-28
235901300,2024-12-28
235951300,2024-12-29
236001300,2024-12-29
236051300,2024-12-29
236101300,2024-12-30
236151300,2024-12-30
236201300,2024-12-31
236251300,2024-12-31
236301300,2024-12-31
236351300,2024-12-31
236401300,2025-01-01
236451300,2025-01-01
236501300,2025-01-01
236551300,2025-01-02
236601300,2025-01-02
236651300,2025-01-02
236701300,2025-01-03
236751300,2025-01-03
236801300,2025-01-03
236851300,2025-01-04
236901300,2025-01-04
236951300,2025-01-04
237001300,2025-01-05
237051300,2025-01-05
237101300,2025-01-06
237151300,2025-01-06
237201300,2025-01-06
237251300,2025-01-07
237301300,2025-01-07
237351300,2025-01-07
237401300,2025-01-08
237451300,2025-01-08
237501300,2025-01-09
237551300,2025-01-09
237601300,2025-01-10
237651300,2025-01-10
237701300,2025-01-11
237751300,2025-01-11
237801300,2025-01-11
237851300,2025-01-12
237901300,2025-01-12
237951300,2025-01-13
238001300,2025-01-13
238051300,2025-01-14
238101300,2025-01-14
238151300,2025-01-15
238201300,2025-01-15
238251300,2025-01-16
238301300,2025-01-16
238351300,2025-01-17
238401300,2025-01-17
238451300,2025-01-18
238501300,2025-01-18
238551300,2025-01-18
238601300,2025-01-19
238651300,2025-01-19
238701300,2025-01-20
238751300,2025-01-20
238801300,2025-01-21
238851300,2025-01-21
238901300,2025-01-22
238951300,2025-01-22
239001300,2025-01-23
239051300,2025-01-23
239101300,2025-01-24
239151300,2025-01-24
239201300,2025-01-24
239251300,2025-01-25
239301300,2025-01-25
239351300,2025-01-26
239401300,2025-01-26
239451300,2025-01-26
239501300,2025-01-27
239551300,2025-01-27
239601300,2025-01-28
239651300,2025-01-28
239701300,2025-01-29
239751300,2025-01-29
239801300,2025-01-30
239851300,2025-01-30
239901300,2025-01-31
239951300,2025-01-31
240001300,2025-02-01
240051300,2025-02-01
240101300,2025-02-01
240151300,2025-02-02
240201300,2025-02-02
240251300,2025-02-03
240301300,2025-02-03
240351300,2025-02-04
240401300,2025-02-04
240451300,2025-02-05
240501300,2025-02-05
240551300,2025-02-06
240601300,2025-02-06
240651300,2025-02-07
240701300,2025-02-07
240751300,2025-02-08
240801300,2025-02-08
240851300,2025-02-08
240901300,2025-02-09
240951300,2025-02-09
241001300,2025-02-10
241051300,2025-02-10
241101300,2025-02-11
241151300,2025-02-11
241201300,2025-02-12
241251300,2025-02-12
241301300,2025-02-13
241351300,2025-02-13
241401300,2025-02-14
241451300,2025-02-14
241501300,2025-02-15
241551300,2025-02-15
241601300,2025-02-15
241651300,2025-02-16
241701300,2025-02-16
241751300,2025-02-17
241801300,2025-02-17
241851300,2025-02-18
241901300,2025-02-18
241951300,2025-02-19
242001300,2025-02-19
242051300,2025-02-20
242101300,2025-02-20
242151300,2025-02-21
242201300,2025-02-21
242251300,2025-02-22
242301300,2025-02-22
242351300,2025-02-22
242401300,2025-02-23
242451300,2025-02-23
242501300,2025-02-24
242551300,2025-02-24
242601300,2025-02-25
242651300,2025-02-25
242701300,2025-02-26
242751300,2025-02-26
242801300,2025-02-27
242851300,2025-02-27
242901300,2025-02-28
242951300,2025-02-28
243001300,2025-03-01
243051300,2025-03-01
243101300,2025-03-01
243151300,2025-03-02
243201300,2025-03-02
243251300,2025-03-03
243301300,2025-03-03
243351300,2025-03-04
243401300,2025-03-04
243451300,2025-03-05
243501300,2025-03-05
243551300,2025-03-06
243601300,2025-03-06
243651300,2025-03-07
243701300,2025-03-07
243751300,2025-03-08
243801300,2025-03-08
243851300,2025-03-09
243901300,2025-03-09
243951300,2025-03-09
244001300,2025-03-10
244051300,2025-03-11
244101300,2025-03-11
244151300,2025-03-12
244201300,2025-03-12
244251300,2025-03-13
244301300,2025-03-13
244351300,2025-03-14
244401300,2025-03-15
244451300,2025-03-15
244501300,2025-03-15
244551300,2025-03-16
244601300,2025-03-16
244651400,2025-03-17
244701400,2025-03-17
244751400,2025-03-18
244801400,2025-03-18
244851400,2025-03-19
244901400,2025-03-20
244951400,2025-03-20
245001400,2025-03-21
245051400,2025-03-21
245101400,2025-03-22
245151400,2025-03-22
245201400,2025-03-22
245251400,2025-03-23
245301400,2025-03-23
245351400,2025-03-24
245401400,2025-03-24
245451400,2025-03-25
245501400,2025-03-25
245551400,2025-03-26
245601400,2025-03-26
245651400,2025-03-27
245701400,2025-03-27
245751400,2025-03-27
245801400,2025-03-28
245851400,2025-03-28
245901400,2025-03-28
245951400,2025-03-29
246001400,2025-03-29
246051400,2025-03-29
246101400,2025-03-30
246151400,2025-03-30
246201400,2025-03-30
246251400,2025-03-31
246301400,2025-03-31
246351400,2025-04-01
246401400,2025-04-01
246451400,2025-04-02
246501400,2025-04-02
246551400,2025-04-03
246601400,2025-04-03
246651400,2025-04-04
246701400,2025-04-04
246751400,2025-04-05
246801400,2025-04-05
246851400,2025-04-05
246901400,2025-04-06
246951400,2025-04-06
247001400,2025-04-07
247051400,2025-04-07
247101500,2025-04-08
247151500,2025-04-08
247201500,2025-04-09
247251500,2025-04-09
247301500,2025-04-10
247351500,2025-04-11
247401500,2025-04-11
247451500,2025-04-12
247501500,2025-04-12
247551500,2025-04-12
247601500,2025-04-13
247651500,2025-04-13
247701500,2025-04-14
247751500,2025-04-14
247801500,2025-04-15
247851500,2025-04-16
247901500,2025-04-16
247951500,2025-04-17
248001500,2025-04-18
248051500,2025-04-18
248101500,2025-04-18
248151500,2025-04-19
248201500,2025-04-19
248251500,2025-04-20
248301500,2025-04-20
248351500,2025-04-21
248401500,2025-04-21
248451500,2025-04-22
248501500,2025-04-22
248551500,2025-04-23
248601500,2025-04-24
248651500,2025-04-24
248701600,2025-04-25
248751600,2025-04-25
248801600,2025-04-26
248851600,2025-04-26
248901600,2025-04-27
248951600,2025-04-27
249001600,2025-04-28
249051600,2025-04-28
249101600,2025-04-29
249151600,2025-04-30
249201600,2025-04-30
249251600,2025-05-01
249301600,2025-05-01
249351600,2025-05-02
249401600,2025-05-03
249451600,2025-05-03
249501600,2025-05-04
249551600,2025-05-04
249601600,2025-05-05
249651600,2025-05-05
249701600,2025-05-06
249751600,2025-05-07
249801600,2025-05-08
249851600,2025-05-08
249901600,2025-05-09
249951600,2025-05-10
250001600,2025-05-10
250051600,2025-05-11
250101600,2025-05-11
250151600,2025-05-12
250201600,2025-05-13
250251600,2025-05-14
250301600,2025-05-14
250351600,2025-05-15
250401600,2025-05-16
250451600,2025-05-17
250501600,2025-05-17
250551600,2025-05-18
250601600,2025-05-18
250651600,2025-05-19
250701600,2025-05-20
250751600,2025-05-21
250801600,2025-05-21
250851600,2025-05-22
250901600,2025-05-23
250951600,2025-05-24
251001600,2025-05-24
251051600,2025-05-25
251101600,2025-05-26
251151600,2025-05-26
251201600,2025-05-27
251251600,2025-05-28
251301600,2025-05-28
251351600,2025-05-29
251401600,2025-05-30
251451600,2025-05-31
251501600,2025-05-31
251551600,2025-06-01
251601600,2025-06-01
251651600,2025-06-02
251701600,2025-06-03
251751600,2025-06-04
251801600,2025-06-04
251851600,2025-06-05
251901600,2025-06-06
251951600,2025-06-06
252001600,2025-06-07
252051600,2025-06-07
252101600,2025-06-08
252151600,2025-06-08
252201600,2025-06-09
252251600,2025-06-10
252301600,2025-06-10
252351600,2025-06-11
252401600,2025-06-12
252451600,2025-06-12
252501600,2025-06-13
252551700,2025-06-14
252601700,2025-06-14
252651700,2025-06-15
252701700,2025-06-15
252751700,2025-06-16
252801700,2025-06-16
252851700,2025-06-17
252901700,2025-06-17
252951700,2025-06-18
253001700,2025-06-19
253051700,2025-06-19
253101700,2025-06-20
253151700,2025-06-21
253201700,2025-06-21
253251700,2025-06-22
253301700,2025-06-22
253351700,2025-06-23
253401700,2025-06-24
253451700,2025-06-25
253501700,2025-06-25
253551700,2025-06-26
253601700,2025-06-27
253651700,2025-06-27
253701700,2025-06-28
253751700,2025-06-29
253801700,2025-06-29
253851700,2025-06-30
253901700,2025-07-01
253951700,2025-07-01
254001700,2025-07-02
254051700,2025-07-03
254101700,2025-07-03
254151700,2025-07-04
254201700,2025-07-05
254251700,2025-07-05
254301700,2025-07-06
254351700,2025-07-07
254401700,2025-07-07
254451700,2025-07-08
254501700,2025-07-09
254551700,2025-07-09
254601700,2025-07-10
254651700,2025-07-11
254701700,2025-07-12
254751700,2025-07-12
254801700,2025-07-13
254851700,2025-07-14
254901700,2025-07-14
254951700,2025-07-15
255001700,2025-07-16
255051700,2025-07-17
255101700,2025-07-17
255151700,2025-07-18
255201700,2025-07-19
255251700,2025-07-20
255301700,2025-07-20
255351700,2025-07-21
255401700,2025-07-22
255451700,2025-07-23
255501700,2025-07-23
255551700,2025-07-24
255601700,2025-07-25
255651700,2025-07-26
255701700,2025-07-26
255751700,2025-07-27
255801700,2025-07-28
255851700,2025-07-28
255901700,2025-07-29
255951700,2025-07-30
256001700,2025-07-30
256051700,2025-07-31
256101700,2025-08-01
256151700,2025-08-02
256201700,2025-08-02
256251700,2025-08-03
256301700,2025-08-04
256351700,2025-08-04
256401700,2025-08-05
256451700,2025-08-06
256501700,2025-08-06
256551700,2025-08-07
256601700,2025-08-08
256651700,2025-08-09
256701700,2025-08-09
256751700,2025-08-10
256801700,2025-08-11
256851700,2025-08-11
256901700,2025-08-12
256951700,2025-08-13
257001700,2025-08-13
257051700,2025-08-14
257101700,2025-08-15
257151700,2025-08-16
257201700,2025-08-16
257251700,2025-08-17
257301700,2025-08-18
257351700,2025-08-18
257401700,2025-08-19
257451700,2025-08-20
257501700,2025-08-20
257551700,2025-08-21
257601700,2025-08-22
257651700,2025-08-22
257701700,2025-08-23
257751700,2025-08-24
257801700,2025-08-24
257851700,2025-08-25
257901700,2025-08-26
257951700,2025-08-26
258001700,2025-08-27
258051700,2025-08-28
258101700,2025-08-28
258151700,2025-08-29
258201700,2025-08-29
258251700,2025-08-30
258301700,2025-08-30
258351800,2025-08-31
258401800,2025-08-31
258451800,2025-09-01
258501800,2025-09-01
258551800,2025-09-02
258601800,2025-09-02
258651800,2025-09-03
258701800,2025-09-03
258751800,2025-09-04
258801800,2025-09-05
258851800,2025-09-05
258901800,2025-09-06
258951800,2025-09-06
259001800,2025-09-07
259051800,2025-09-07
259101800,2025-09-08
259151800,2025-09-08
259201800,2025-09-09
259251800,2025-09-10
259301800,2025-09-10
259351800,2025-09-11
259401800,2025-09-12
259451800,2025-09-12
259501800,2025-09-13
259551800,2025-09-13
259601800,2025-09-14
259651800,2025-09-15
259701800,2025-09-15
259751800,2025-09-16
259801800,2025-09-17
259851800,2025-09-18
259901800,2025-09-18
259951800,2025-09-19
260001800,2025-09-20
260051800,2025-09-20
260101800,2025-09-21
260151800,2025-09-22
260201800,2025-09-22
260251800,2025-09-23
260301800,2025-09-24
260351800,2025-09-25
260401800,2025-09-26
260451800,2025-09-26
260501800,2025-09-27
260551800,2025-09-28
260601800,2025-09-28
260651800,2025-09-29
260701800,2025-09-30
260751800,2025-09-30
260801800,2025-10-01
260851800,2025-10-02
260901800,2025-10-03
260951800,2025-10-03
261001800,2025-10-04
261051800,2025-10-05
261101800,2025-10-05
261151800,2025-10-06
261201800,2025-10-07
261251800,2025-10-08
261301800,2025-10-08
261351800,2025-10-09
261401800,2025-10-10
261451800,2025-10-11
261501800,2025-10-11
261551800,2025-10-12
261601800,2025-10-12
261651800,2025-10-13
261701800,2025-10-14
261751800,2025-10-14
261801800,2025-10-15
261851800,2025-10-16
261901800,2025-10-17
261951800,2025-10-17
262001800,2025-10-18
262051800,2025-10-19
262101800,2025-10-19
262151800,2025-10-20
262201800,2025-10-20
262251800,2025-10-21
262301800,2025-10-22
262351800,2025-10-23
262401800,2025-10-23
262451800,2025-10-24
262501800,2025-10-25
262551800,2025-10-25
262601800,2025-10-26
262651800,2025-10-26
262701800,2025-10-27
262751800,2025-10-27
262801800,2025-10-28
262851800,2025-10-28
262901800,2025-10-29
262951800,2025-10-30
263001800,2025-10-30
263051800,2025-10-31
263101800,2025-10-31
263151800,2025-11-01
263201800,2025-11-01
263251800,2025-11-02
263301800,2025-11-02
263351800,2025-11-03
263401800,2025-11-03
263451800,2025-11-04
263501800,2025-11-04
263551800,2025-11-05
263601800,2025-11-05
263651800,2025-11-06
263701800,2025-11-07
263751800,2025-11-07
263801800,2025-11-08
263851800,2025-11-08
263901800,2025-11-09
263951800,2025-11-09
264001800,2025-11-10
264051800,2025-11-11
264101800,2025-11-11
264151800,2025-11-12
264201800,2025-11-13
264251800,2025-11-13
264301800,2025-11-14
264351800,2025-11-15
264401800,2025-11-15
264451800,2025-11-16
264501800,2025-11-16
264551800,2025-11-17
264601800,2025-11-18
264651800,2025-11-18
264701800,2025-11-19
264751800,2025-11-20
264801800,2025-11-20
264851800,2025-11-21
264901800,2025-11-21
264951800,2025-11-22
265001800,2025-11-22
265051800,2025-11-23
265101800,2025-11-23
265151800,2025-11-24
265201800,2025-11-25
265251800,2025-11-25
265301800,2025-11-26
265351800,2025-11-27
265401800,2025-11-27
265451800,2025-11-28
265501800,2025-11-28
265551800,2025-11-29
265601800,2025-11-29
265651800,2025-11-30
265701800,2025-12-01
265751800,2025-12-01
265801800,2025-12-02
265851800,2025-12-03
265901800,2025-12-03
265951800,2025-12-04
266001800,2025-12-05
266051800,2025-12-05
266101800,2025-12-06
266151800,2025-12-06
266201800,2025-12-06
266251800,2025-12-07
266301800,2025-12-07
266351800,2025-12-08
266401800,2025-12-08
266451800,2025-12-09
266501800,2025-12-10
266551800,2025-12-10
266601800,2025-12-11
266651800,2025-12-12
266701800,2025-12-12
266751800,2025-12-13
266801800,2025-12-13
266851800,2025-12-13
266901800,2025-12-14
266951800,2025-12-14
267001800,2025-12-15
267051800,2025-12-16
267101800,2025-12-16
267151800,2025-12-17
267201800,2025-12-17
267251800,2025-12-18
267301800,2025-12-19
267351800,2025-12-19
267401800,2025-12-19
267451800,2025-12-20
267501800,2025-12-20
267551800,2025-12-20
267601800,2025-12-21
267651800,2025-12-21
267701800,2025-12-21
267751800,2025-12-22
267801800,2025-12-22
267851800,2025-12-23
267901800,2025-12-23
267951800,2025-12-24
268001800,2025-12-24
268051800,2025-12-24
268101800,2025-12-25
268151800,2025-12-25
268201800,2025-12-26
268251800,2025-12-26
268301800,2025-12-27
268351800,2025-12-27
268401800,2025-12-27
268451800,2025-12-28
268501800,2025-12-28
268551800,2025-12-28
268601800,2025-12-29
268651800,2025-12-29
268701800,2025-12-30
268751800,2025-12-30
268801800,2025-12-30
268851800,2025-12-31
268901800,2025-12-31
268951800,2025-12-31
269001800,2026-01-01
269051800,2026-01-01
269101800,2026-01-01
269151800,2026-01-02
269201800,2026-01-02
269251800,2026-01-02
269301800,2026-01-03
269351800,2026-01-03
269401800,2026-01-03
269451800,2026-01-04
269501800,2026-01-04
269551800,2026-01-04
269601800,2026-01-05
269651800,2026-01-05
269701800,2026-01-05
269751800,2026-01-06
269801800,2026-01-06
269851800,2026-01-06
269901800,2026-01-07
269951800,2026-01-07
270001800,2026-01-07
270051800,2026-01-08
270101800,2026-01-08
270151800,2026-01-08
270201800,2026-01-09
270251800,2026-01-09
270301800,2026-01-09
270351800,2026-01-10
270401800,2026-01-10
270451800,2026-01-10
270501800,2026-01-11
270551800,2026-01-11
270601800,2026-01-11
270651800,2026-01-12
270701800,2026-01-12
270751800,2026-01-13
270801800,2026-01-13
270851800,2026-01-14
270901800,2026-01-14
270951800,2026-01-15
271001800,2026-01-15
271051800,2026-01-16
271101800,2026-01-16
271151800,2026-01-16
271201800,2026-01-17
271251800,2026-01-17
271301800,2026-01-18
271351800,2026-01-18
271401800,2026-01-18
271451800,2026-01-19
271501800,2026-01-19
271551800,2026-01-20
271601800,2026-01-20
271651800,2026-01-21
271701800,2026-01-21
271751800,2026-01-22
271801800,2026-01-22
271851800,2026-01-23
271901800,2026-01-23
271951800,2026-01-24
272001800,2026-01-24
272051800,2026-01-24
272101800,2026-01-25
272151800,2026-01-25
272201800,2026-01-25
272251800,2026-01-26
272301800,2026-01-26
272351800,2026-01-27
272401800,2026-01-27
272451800,2026-01-28
272501800,2026-01-28
272551800,2026-01-29
272601800,2026-01-29
272651800,2026-01-30
272701800,2026-01-30
272751800,2026-01-31
272801800,2026-01-31
272851800,2026-01-31
272901800,2026-02-01
272951800,2026-02-01
273001800,2026-02-02
273051800,2026-02-02
273101800,2026-02-03
273151800,2026-02-03
273201800,2026-02-04
273251800,2026-02-04
273301800,2026-02-05
273351800,2026-02-05
273401800,2026-02-06
273451800,2026-02-06
273501800,2026-02-07
273551800,2026-02-07
273601800,2026-02-07
273651800,2026-02-08
273701800,2026-02-08
273751800,2026-02-08
273801800,2026-02-09
273851800,2026-02-09
273901800,2026-02-10
273950000,2026-02-10
274000000,2026-02-11
274050000,2026-02-11
274100000,2026-02-12
274150000,2026-02-12
274200000,2026-02-13
274250000,2026-02-13
274300000,2026-02-14
274350000,2026-02-14
274400000,2026-02-14
274450000,2026-02-15
274500000,2026-02-15
274550000,2026-02-16
274600000,2026-02-16
274650000,2026-02-17
274700000,2026-02-17
274750000,2026-02-18
274800000,2026-02-18
274850000,2026-02-19
274900000,2026-02-19
274950000,2026-02-20
275000000,2026-02-20
275050000,2026-02-21
275100000,2026-02-21
275150000,2026-02-21
275200000,2026-02-22
275250000,2026-02-22
275300000,2026-02-23
275350000,2026-02-23
275400000,2026-02-24
275450000,2026-02-24
275500000,2026-02-25
275550000,2026-02-25
275600000,2026-02-26
275650000,2026-02-26
275700000,2026-02-27
275750000,2026-02-27
275800000,2026-02-28
275850000,2026-02-28
275900000,2026-03-01
275950000,2026-03-01
276000000,2026-03-02
276050000,2026-03-02
276100000,2026-03-03
276150000,2026-03-03
276200000,2026-03-04
276250000,2026-03-05
276300000,2026-03-05
276350000,2026-03-06
276400000,2026-03-06
276450000,2026-03-07
276500000,2026-03-07
276550000,2026-03-08
276600000,2026-03-08
276650000,2026-03-09
276700100,2026-03-09
276750100,2026-03-10
276800100,2026-03-10
276850100,2026-03-11
276900100,2026-03-12
276950100,2026-03-12
277000100,2026-03-13
277050100,2026-03-13
277100100,2026-03-14
277150100,2026-03-14
277200100,2026-03-15
277250100,2026-03-15
277300100,2026-03-16
277350100,2026-03-16
277400100,2026-03-17
277450100,2026-03-18
277500100,2026-03-18
277550100,2026-03-19
277600100,2026-03-19
277650100,2026-03-20
277700100,2026-03-21
277750100,2026-03-21
277800100,2026-03-21
277850100,2026-03-22
277900100,2026-03-22
277950100,2026-03-23
278000100,2026-03-24
278050100,2026-03-24
278100100,2026-03-25
278150100,2026-03-26
278200100,2026-03-26
278250100,2026-03-27
278300100,2026-03-28
278350100,2026-03-28
278400100,2026-03-29
278450100,2026-03-29
278500100,2026-03-30
278550100,2026-03-30
278600100,2026-03-31
278650100,2026-04-01
278700100,2026-04-01
278750100,2026-04-02
278800100,2026-04-03
278850100,2026-04-03
278900100,2026-04-04
278950100,2026-04-05
279000100,2026-04-05
279050100,2026-04-06
279100100,2026-04-07
279150100,2026-04-07
279200100,2026-04-08
279250100,2026-04-09
279300100,2026-04-09
279350100,2026-04-10
279400100,2026-04-10
279450100,2026-04-11
279500100,2026-04-11
279550100,2026-04-12
279600100,2026-04-13
279650100,2026-04-13
279700100,2026-04-14
279750100,2026-04-15
279800100,2026-04-16
279850100,2026-04-16
279900100,2026-04-17
279950100,2026-04-18
280000100,2026-04-18
280050100,2026-04-19
280100100,2026-04-19
280150100,2026-04-20
280200100,2026-04-21
280250100,2026-04-21
280300100,2026-04-22
280350100,2026-04-23
280400100,2026-04-24
280450100,2026-04-25
280500100,2026-04-25
280550100,2026-04-26
280600100,2026-04-26
280650100,2026-04-27
280700100,2026-04-28
280750100,2026-04-29
280800100,2026-04-30
280850100,2026-05-01
280900100,2026-05-01
280950100,2026-05-02
281000100,2026-05-03
281050100,2026-05-03
281100100,2026-05-04
281150100,2026-05-05
281200100,2026-05-06
281250100,2026-05-07
281300100,2026-05-08
281350100,2026-05-09
281400100,2026-05-09
281450100,2026-05-10
281500100,2026-05-11
281550100,2026-05-11
281600100,2026-05-12
281650100,2026-05-13
281700100,2026-05-14
281750100,2026-05-15
281800100,2026-05-16
281850100,2026-05-16
281900100,2026-05-17
281950100,2026-05-18
282000100,2026-05-19
282050100,2026-05-20
282100100,2026-05-21
282150100,2026-05-22
282200100,2026-05-23
282250100,2026-05-23
282300100,2026-05-24
282350100,2026-05-25
282400100,2026-05-26
282450100,2026-05-26
282500100,2026-05-27
282550100,2026-05-28
282600100,2026-05-29
282650100,2026-05-29
282700100,2026-05-30
282750100,2026-05-31
282800100,2026-06-01
282850100,2026-06-01
282900100,2026-06-02
282950100,2026-06-03
283000100,2026-06-04
283050100,2026-06-05
283100100,2026-06-06
283150100,2026-06-06
283200100,2026-06-07
283250100,2026-06-08
283300100,2026-06-09
283350100,2026-06-10
283400100,2026-06-11
283450100,2026-06-11
283500100,2026-06-12
283550100,2026-06-13
283600100,2026-06-14
283650100,2026-06-15
283700100,2026-06-15
283750100,2026-06-16
283800100,2026-06-17
283850100,2026-06-18
283900100,2026-06-19
283950100,2026-06-19
284000100,2026-06-20
284050100,2026-06-21
284100100,2026-06-22
284150100,2026-06-22
284200100,2026-06-23
284250100,2026-06-24
284300100,2026-06-25
284350100,2026-06-26
284400100,2026-06-27
284450100,2026-06-27
284500100,2026-06-28
284550100,2026-06-29
284600100,2026-06-30
284650100,2026-07-01
284700100,2026-07-02
284750100,2026-07-02
284800100,2026-07-03
284850100,2026-07-04
284900100,2026-07-05
284950100,2026-07-05
285000100,2026-07-06
285050100,2026-07-07
285100100,2026-07-08
285150100,2026-07-09
285200100,2026-07-09
285250100,2026-07-10
285300100,2026-07-11
285350100,2026-07-12
285400100,2026-07-12
285450100,2026-07-13
285500100,2026-07-14
285550100,2026-07-14
285600100,2026-07-15
285650100,2026-07-16
285700100,2026-07-16
285750100,2026-07-17
285800100,2026-07-18
285850100,2026-07-19
285900100,2026-07-19
285950100,2026-07-20
286000100,2026-07-21
286050100,2026-07-22
286100100,2026-07-22
286150100,2026-07-23
286200100,2026-07-24
286250100,2026-07-24
286300100,2026-07-25
286350100,2026-07-26
286400100,2026-07-26
286450100,2026-07-27
286500100,2026-07-28
286550100,2026-07-28
286600100,2026-07-29
286650100,2026-07-30
286700100,2026-07-31
286750100,2026-07-31
286800100,2026-08-01
286850100,2026-08-02
286900100,2026-08-02
286950100,2026-08-03
287000100,2026-08-04
287050100,2026-08-05
287100100,2026-08-05
287150100,2026-08-06
287200100,2026-08-07
287250100,2026-08-07
287300100,2026-08-08
287350100,2026-08-09
287400100,2026-08-10
287450100,2026-08-10
287500100,2026-08-11
287550100,2026-08-12
287600100,2026-08-13
287650100,2026-08-13
287700100,2026-08-14
287750100,2026-08-15
287800100,2026-08-16
287850100,2026-08-16
287900100,2026-08-17
287950100,2026-08-18
288000100,2026-08-18
288050100,2026-08-19
288100100,2026-08-20
288150100,2026-08-21
288200100,2026-08-21
288250100,2026-08-22
288300100,2026-08-23
288350100,2026-08-23
288400100,2026-08-24
288450100,2026-08-25
288500100,2026-08-25
288550100,2026-08-26
288600100,2026-08-27
288650100,2026-08-28
288700100,2026-08-28
288750100,2026-08-29
288800100,2026-08-30
288850100,2026-08-30
288900100,2026-08-31
288950100,2026-09-01
289000100,2026-09-01
289050100,2026-09-02
289100100,2026-09-03
289150100,2026-09-04
289200100,2026-09-05
289250100,2026-09-05
289300100,2026-09-06
289350100,2026-09-06
289400100,2026-09-07
289450100,2026-09-08
289500100,2026-09-09
289550100,2026-09-10
289600100,2026-09-10
289650100,2026-09-11
289700100,2026-09-12
289750100,2026-09-12
289800100,2026-09-13
289850100,2026-09-14
289900100,2026-09-14
289950100,2026-09-15
290000100,2026-09-16
290050100,2026-09-17
290100100,2026-09-17
290150100,2026-09-18
290200100,2026-09-19
290250100,2026-09-19
290300100,2026-09-20
290350100,2026-09-21
290400100,2026-09-21
290450100,2026-09-22
290500100,2026-09-23
290550100,2026-09-24
290600100,2026-09-24
290650100,2026-09-25
290700100,2026-09-26
